old_path,new_path,relationship,recommended_action,scientific_importance,validation_status,migration_priority
.extracted_texts/2507.12256v2.txt,N/A (Root Research Artifact),Root Milestone Report / CSV Audit / Shell Runner,ARCHIVE in research-history / Reference in thesis,High (Milestone Proofs & Phase Summaries),Phase Evidence,MEDIUM
.extracted_texts/2510.05965v1.txt,N/A (Root Research Artifact),Root Milestone Report / CSV Audit / Shell Runner,ARCHIVE in research-history / Reference in thesis,High (Milestone Proofs & Phase Summaries),Phase Evidence,MEDIUM
.extracted_texts/2512.05781v1.txt,N/A (Root Research Artifact),Root Milestone Report / CSV Audit / Shell Runner,ARCHIVE in research-history / Reference in thesis,High (Milestone Proofs & Phase Summaries),Phase Evidence,MEDIUM
.extracted_texts/2603.00558v1.txt,N/A (Root Research Artifact),Root Milestone Report / CSV Audit / Shell Runner,ARCHIVE in research-history / Reference in thesis,High (Milestone Proofs & Phase Summaries),Phase Evidence,MEDIUM
.extracted_texts/2605.28135v1.txt,N/A (Root Research Artifact),Root Milestone Report / CSV Audit / Shell Runner,ARCHIVE in research-history / Reference in thesis,High (Milestone Proofs & Phase Summaries),Phase Evidence,MEDIUM
.gitignore,.gitignore,Modified / Enhanced in NEW,KEEP NEW (Production Corrected),High (Production Corrected),Verified in NEW,LOW
01_FORENSIC_AUDIT_REPORT.md,N/A (Root Research Artifact),Root Milestone Report / CSV Audit / Shell Runner,ARCHIVE in research-history / Reference in thesis,High (Milestone Proofs & Phase Summaries),Phase Evidence,MEDIUM
ACTUAL_DISCRETE_PIPELINE.md,N/A (Root Research Artifact),Root Milestone Report / CSV Audit / Shell Runner,ARCHIVE in research-history / Reference in thesis,High (Milestone Proofs & Phase Summaries),Phase Evidence,MEDIUM
ACTUAL_PIPELINE_TRACE.md,N/A (Root Research Artifact),Root Milestone Report / CSV Audit / Shell Runner,ARCHIVE in research-history / Reference in thesis,High (Milestone Proofs & Phase Summaries),Phase Evidence,MEDIUM
AUDIT_STATUS.json,N/A (Root Research Artifact),Root Milestone Report / CSV Audit / Shell Runner,ARCHIVE in research-history / Reference in thesis,High (Milestone Proofs & Phase Summaries),Phase Evidence,MEDIUM
BLOCK_ENCODING_ARCHITECTURE.md,N/A (Root Research Artifact),Root Milestone Report / CSV Audit / Shell Runner,ARCHIVE in research-history / Reference in thesis,High (Milestone Proofs & Phase Summaries),Phase Evidence,MEDIUM
BLOCK_ENCODING_NORMALIZATION.md,N/A (Root Research Artifact),Root Milestone Report / CSV Audit / Shell Runner,ARCHIVE in research-history / Reference in thesis,High (Milestone Proofs & Phase Summaries),Phase Evidence,MEDIUM
BLOCK_ENCODING_RESOURCE_ANALYSIS.md,N/A (Root Research Artifact),Root Milestone Report / CSV Audit / Shell Runner,ARCHIVE in research-history / Reference in thesis,High (Milestone Proofs & Phase Summaries),Phase Evidence,MEDIUM
BLOCK_ENCODING_SMALL_CASE_RESULTS.csv,N/A (Root Research Artifact),Root Milestone Report / CSV Audit / Shell Runner,ARCHIVE in research-history / Reference in thesis,High (Milestone Proofs & Phase Summaries),Phase Evidence,MEDIUM
BLOCK_ENCODING_VALIDATION.md,N/A (Root Research Artifact),Root Milestone Report / CSV Audit / Shell Runner,ARCHIVE in research-history / Reference in thesis,High (Milestone Proofs & Phase Summaries),Phase Evidence,MEDIUM
CARLEMAN_DIMENSION_ANALYSIS.md,N/A (Root Research Artifact),Root Milestone Report / CSV Audit / Shell Runner,ARCHIVE in research-history / Reference in thesis,High (Milestone Proofs & Phase Summaries),Phase Evidence,MEDIUM
CARLEMAN_ERROR_DECOMPOSITION.md,N/A (Root Research Artifact),Root Milestone Report / CSV Audit / Shell Runner,ARCHIVE in research-history / Reference in thesis,High (Milestone Proofs & Phase Summaries),Phase Evidence,MEDIUM
CARLEMAN_FORMULATION.md,N/A (Root Research Artifact),Root Milestone Report / CSV Audit / Shell Runner,ARCHIVE in research-history / Reference in thesis,High (Milestone Proofs & Phase Summaries),Phase Evidence,MEDIUM
CARLEMAN_INDEPENDENT_VALIDATION.md,N/A (Root Research Artifact),Root Milestone Report / CSV Audit / Shell Runner,ARCHIVE in research-history / Reference in thesis,High (Milestone Proofs & Phase Summaries),Phase Evidence,MEDIUM
CARLEMAN_INVARIANT_MANIFOLD_AUDIT.md,N/A (Root Research Artifact),Root Milestone Report / CSV Audit / Shell Runner,ARCHIVE in research-history / Reference in thesis,High (Milestone Proofs & Phase Summaries),Phase Evidence,MEDIUM
CARLEMAN_MULTI_STEP_SCIENTIFIC_REPORT.md,N/A (Root Research Artifact),Root Milestone Report / CSV Audit / Shell Runner,ARCHIVE in research-history / Reference in thesis,High (Milestone Proofs & Phase Summaries),Phase Evidence,MEDIUM
CARLEMAN_ORDER_CONSISTENCY.md,N/A (Root Research Artifact),Root Milestone Report / CSV Audit / Shell Runner,ARCHIVE in research-history / Reference in thesis,High (Milestone Proofs & Phase Summaries),Phase Evidence,MEDIUM
CARLEMAN_VALIDATION.md,N/A (Root Research Artifact),Root Milestone Report / CSV Audit / Shell Runner,ARCHIVE in research-history / Reference in thesis,High (Milestone Proofs & Phase Summaries),Phase Evidence,MEDIUM
CLAIM_AUDIT.md,N/A (Root Research Artifact),Root Milestone Report / CSV Audit / Shell Runner,ARCHIVE in research-history / Reference in thesis,High (Milestone Proofs & Phase Summaries),Phase Evidence,MEDIUM
CLASSICAL_GROUND_TRUTH.md,N/A (Root Research Artifact),Root Milestone Report / CSV Audit / Shell Runner,ARCHIVE in research-history / Reference in thesis,High (Milestone Proofs & Phase Summaries),Phase Evidence,MEDIUM
CLASSICAL_MODEL_SPECIFICATION.md,N/A (Root Research Artifact),Root Milestone Report / CSV Audit / Shell Runner,ARCHIVE in research-history / Reference in thesis,High (Milestone Proofs & Phase Summaries),Phase Evidence,MEDIUM
CLASSICAL_PHYSICS_AUDIT.md,N/A (Root Research Artifact),Root Milestone Report / CSV Audit / Shell Runner,ARCHIVE in research-history / Reference in thesis,High (Milestone Proofs & Phase Summaries),Phase Evidence,MEDIUM
CLASSICAL_RECONSTRUCTION_REPORT.md,N/A (Root Research Artifact),Root Milestone Report / CSV Audit / Shell Runner,ARCHIVE in research-history / Reference in thesis,High (Milestone Proofs & Phase Summaries),Phase Evidence,MEDIUM
COLLISION_QUANTUM_ORACLE.md,N/A (Root Research Artifact),Root Milestone Report / CSV Audit / Shell Runner,ARCHIVE in research-history / Reference in thesis,High (Milestone Proofs & Phase Summaries),Phase Evidence,MEDIUM
EXACT_DISCRETE_MAP_AUDIT.md,N/A (Root Research Artifact),Root Milestone Report / CSV Audit / Shell Runner,ARCHIVE in research-history / Reference in thesis,High (Milestone Proofs & Phase Summaries),Phase Evidence,MEDIUM
FINAL_IMPLEMENTATION_DECISION.md,N/A (Root Research Artifact),Root Milestone Report / CSV Audit / Shell Runner,ARCHIVE in research-history / Reference in thesis,High (Milestone Proofs & Phase Summaries),Phase Evidence,MEDIUM
FINAL_REPORT.md,N/A (Root Research Artifact),Root Milestone Report / CSV Audit / Shell Runner,ARCHIVE in research-history / Reference in thesis,High (Milestone Proofs & Phase Summaries),Phase Evidence,MEDIUM
FINAL_SCIENTIFIC_REPORT.md,N/A (Root Research Artifact),Root Milestone Report / CSV Audit / Shell Runner,ARCHIVE in research-history / Reference in thesis,High (Milestone Proofs & Phase Summaries),Phase Evidence,MEDIUM
FINAL_THESIS_QLBM_REPORT.md,N/A (Root Research Artifact),Root Milestone Report / CSV Audit / Shell Runner,ARCHIVE in research-history / Reference in thesis,High (Milestone Proofs & Phase Summaries),Phase Evidence,MEDIUM
LOCAL_GLOBAL_CARLEMAN_INDEX_AUDIT.md,N/A (Root Research Artifact),Root Milestone Report / CSV Audit / Shell Runner,ARCHIVE in research-history / Reference in thesis,High (Milestone Proofs & Phase Summaries),Phase Evidence,MEDIUM
NONLINEARITY_MAP.md,N/A (Root Research Artifact),Root Milestone Report / CSV Audit / Shell Runner,ARCHIVE in research-history / Reference in thesis,High (Milestone Proofs & Phase Summaries),Phase Evidence,MEDIUM
PHASE10_BACKEND_SELECTION.md,N/A (Root Research Artifact),Root Milestone Report / CSV Audit / Shell Runner,ARCHIVE in research-history / Reference in thesis,High (Milestone Proofs & Phase Summaries),Phase Evidence,MEDIUM
PHASE10_CLASSICAL_LBM_CONNECTION.md,N/A (Root Research Artifact),Root Milestone Report / CSV Audit / Shell Runner,ARCHIVE in research-history / Reference in thesis,High (Milestone Proofs & Phase Summaries),Phase Evidence,MEDIUM
PHASE10_FIGURE_MANIFEST.md,N/A (Root Research Artifact),Root Milestone Report / CSV Audit / Shell Runner,ARCHIVE in research-history / Reference in thesis,High (Milestone Proofs & Phase Summaries),Phase Evidence,MEDIUM
PHASE10_FINAL_HARDWARE_REPORT.md,N/A (Root Research Artifact),Root Milestone Report / CSV Audit / Shell Runner,ARCHIVE in research-history / Reference in thesis,High (Milestone Proofs & Phase Summaries),Phase Evidence,MEDIUM
PHASE10_FORENSIC_CIRCUIT_AUDIT.md,N/A (Root Research Artifact),Root Milestone Report / CSV Audit / Shell Runner,ARCHIVE in research-history / Reference in thesis,High (Milestone Proofs & Phase Summaries),Phase Evidence,MEDIUM
PHASE10_HARDWARE_CLAIM_MATRIX.csv,N/A (Root Research Artifact),Root Milestone Report / CSV Audit / Shell Runner,ARCHIVE in research-history / Reference in thesis,High (Milestone Proofs & Phase Summaries),Phase Evidence,MEDIUM
PHASE10_HARDWARE_LIMITATIONS.md,N/A (Root Research Artifact),Root Milestone Report / CSV Audit / Shell Runner,ARCHIVE in research-history / Reference in thesis,High (Milestone Proofs & Phase Summaries),Phase Evidence,MEDIUM
PHASE10_HARDWARE_NOISE_ANALYSIS.csv,N/A (Root Research Artifact),Root Milestone Report / CSV Audit / Shell Runner,ARCHIVE in research-history / Reference in thesis,High (Milestone Proofs & Phase Summaries),Phase Evidence,MEDIUM
PHASE10_HARDWARE_NOISE_ANALYSIS.md,N/A (Root Research Artifact),Root Milestone Report / CSV Audit / Shell Runner,ARCHIVE in research-history / Reference in thesis,High (Milestone Proofs & Phase Summaries),Phase Evidence,MEDIUM
PHASE10_HARDWARE_RESULTS.csv,N/A (Root Research Artifact),Root Milestone Report / CSV Audit / Shell Runner,ARCHIVE in research-history / Reference in thesis,High (Milestone Proofs & Phase Summaries),Phase Evidence,MEDIUM
PHASE10_HARDWARE_RESULTS.md,N/A (Root Research Artifact),Root Milestone Report / CSV Audit / Shell Runner,ARCHIVE in research-history / Reference in thesis,High (Milestone Proofs & Phase Summaries),Phase Evidence,MEDIUM
PHASE10_HARDWARE_SETUP_GUIDE.md,N/A (Root Research Artifact),Root Milestone Report / CSV Audit / Shell Runner,ARCHIVE in research-history / Reference in thesis,High (Milestone Proofs & Phase Summaries),Phase Evidence,MEDIUM
PHASE10_IDEAL_RESULTS.csv,N/A (Root Research Artifact),Root Milestone Report / CSV Audit / Shell Runner,ARCHIVE in research-history / Reference in thesis,High (Milestone Proofs & Phase Summaries),Phase Evidence,MEDIUM
PHASE10_IDEAL_RESULTS.md,N/A (Root Research Artifact),Root Milestone Report / CSV Audit / Shell Runner,ARCHIVE in research-history / Reference in thesis,High (Milestone Proofs & Phase Summaries),Phase Evidence,MEDIUM
PHASE10_NOISY_RESULTS.csv,N/A (Root Research Artifact),Root Milestone Report / CSV Audit / Shell Runner,ARCHIVE in research-history / Reference in thesis,High (Milestone Proofs & Phase Summaries),Phase Evidence,MEDIUM
PHASE10_NOISY_RESULTS.md,N/A (Root Research Artifact),Root Milestone Report / CSV Audit / Shell Runner,ARCHIVE in research-history / Reference in thesis,High (Milestone Proofs & Phase Summaries),Phase Evidence,MEDIUM
PHASE10_QUANTUM_CIRCUIT_INVENTORY.csv,N/A (Root Research Artifact),Root Milestone Report / CSV Audit / Shell Runner,ARCHIVE in research-history / Reference in thesis,High (Milestone Proofs & Phase Summaries),Phase Evidence,MEDIUM
PHASE10_QUANTUM_CIRCUIT_INVENTORY.md,N/A (Root Research Artifact),Root Milestone Report / CSV Audit / Shell Runner,ARCHIVE in research-history / Reference in thesis,High (Milestone Proofs & Phase Summaries),Phase Evidence,MEDIUM
PHASE10_TRANSPILATION_ANALYSIS.md,N/A (Root Research Artifact),Root Milestone Report / CSV Audit / Shell Runner,ARCHIVE in research-history / Reference in thesis,High (Milestone Proofs & Phase Summaries),Phase Evidence,MEDIUM
PHASE10_TRANSPILATION_RESULTS.csv,N/A (Root Research Artifact),Root Milestone Report / CSV Audit / Shell Runner,ARCHIVE in research-history / Reference in thesis,High (Milestone Proofs & Phase Summaries),Phase Evidence,MEDIUM
PHASE11_CLASSICAL_OPERATOR_MAPPING.md,N/A (Root Research Artifact),Root Milestone Report / CSV Audit / Shell Runner,ARCHIVE in research-history / Reference in thesis,High (Milestone Proofs & Phase Summaries),Phase Evidence,MEDIUM
PHASE11_COMPLETE_QUANTUM_INVENTORY.csv,N/A (Root Research Artifact),Root Milestone Report / CSV Audit / Shell Runner,ARCHIVE in research-history / Reference in thesis,High (Milestone Proofs & Phase Summaries),Phase Evidence,MEDIUM
PHASE11_COMPLETE_QUANTUM_INVENTORY.md,N/A (Root Research Artifact),Root Milestone Report / CSV Audit / Shell Runner,ARCHIVE in research-history / Reference in thesis,High (Milestone Proofs & Phase Summaries),Phase Evidence,MEDIUM
PHASE11_FAILURE_BOUNDARIES.csv,N/A (Root Research Artifact),Root Milestone Report / CSV Audit / Shell Runner,ARCHIVE in research-history / Reference in thesis,High (Milestone Proofs & Phase Summaries),Phase Evidence,MEDIUM
PHASE11_FAILURE_BOUNDARIES.md,N/A (Root Research Artifact),Root Milestone Report / CSV Audit / Shell Runner,ARCHIVE in research-history / Reference in thesis,High (Milestone Proofs & Phase Summaries),Phase Evidence,MEDIUM
PHASE11_FIGURE_MANIFEST.md,N/A (Root Research Artifact),Root Milestone Report / CSV Audit / Shell Runner,ARCHIVE in research-history / Reference in thesis,High (Milestone Proofs & Phase Summaries),Phase Evidence,MEDIUM
PHASE11_FINAL_CLAIM_MATRIX.csv,N/A (Root Research Artifact),Root Milestone Report / CSV Audit / Shell Runner,ARCHIVE in research-history / Reference in thesis,High (Milestone Proofs & Phase Summaries),Phase Evidence,MEDIUM
PHASE11_FINAL_SCIENTIFIC_REPORT.md,N/A (Root Research Artifact),Root Milestone Report / CSV Audit / Shell Runner,ARCHIVE in research-history / Reference in thesis,High (Milestone Proofs & Phase Summaries),Phase Evidence,MEDIUM
PHASE11_HARDWARE_METADATA.json,N/A (Root Research Artifact),Root Milestone Report / CSV Audit / Shell Runner,ARCHIVE in research-history / Reference in thesis,High (Milestone Proofs & Phase Summaries),Phase Evidence,MEDIUM
PHASE11_HARDWARE_RESULTS.csv,N/A (Root Research Artifact),Root Milestone Report / CSV Audit / Shell Runner,ARCHIVE in research-history / Reference in thesis,High (Milestone Proofs & Phase Summaries),Phase Evidence,MEDIUM
PHASE11_HARDWARE_RESULTS.md,N/A (Root Research Artifact),Root Milestone Report / CSV Audit / Shell Runner,ARCHIVE in research-history / Reference in thesis,High (Milestone Proofs & Phase Summaries),Phase Evidence,MEDIUM
PHASE11_IDEAL_VALIDATION.csv,N/A (Root Research Artifact),Root Milestone Report / CSV Audit / Shell Runner,ARCHIVE in research-history / Reference in thesis,High (Milestone Proofs & Phase Summaries),Phase Evidence,MEDIUM
PHASE11_IDEAL_VALIDATION.md,N/A (Root Research Artifact),Root Milestone Report / CSV Audit / Shell Runner,ARCHIVE in research-history / Reference in thesis,High (Milestone Proofs & Phase Summaries),Phase Evidence,MEDIUM
PHASE11_LCU_DECOMPOSITION.md,N/A (Root Research Artifact),Root Milestone Report / CSV Audit / Shell Runner,ARCHIVE in research-history / Reference in thesis,High (Milestone Proofs & Phase Summaries),Phase Evidence,MEDIUM
PHASE11_LCU_RESULTS.csv,N/A (Root Research Artifact),Root Milestone Report / CSV Audit / Shell Runner,ARCHIVE in research-history / Reference in thesis,High (Milestone Proofs & Phase Summaries),Phase Evidence,MEDIUM
PHASE11_NOISY_VALIDATION.csv,N/A (Root Research Artifact),Root Milestone Report / CSV Audit / Shell Runner,ARCHIVE in research-history / Reference in thesis,High (Milestone Proofs & Phase Summaries),Phase Evidence,MEDIUM
PHASE11_NOISY_VALIDATION.md,N/A (Root Research Artifact),Root Milestone Report / CSV Audit / Shell Runner,ARCHIVE in research-history / Reference in thesis,High (Milestone Proofs & Phase Summaries),Phase Evidence,MEDIUM
PHASE11_PHASE10_FREEZE.md,N/A (Root Research Artifact),Root Milestone Report / CSV Audit / Shell Runner,ARCHIVE in research-history / Reference in thesis,High (Milestone Proofs & Phase Summaries),Phase Evidence,MEDIUM
PHASE11_PUBLICATION_TABLES.md,N/A (Root Research Artifact),Root Milestone Report / CSV Audit / Shell Runner,ARCHIVE in research-history / Reference in thesis,High (Milestone Proofs & Phase Summaries),Phase Evidence,MEDIUM
PHASE11_SCALING_ANALYSIS.md,N/A (Root Research Artifact),Root Milestone Report / CSV Audit / Shell Runner,ARCHIVE in research-history / Reference in thesis,High (Milestone Proofs & Phase Summaries),Phase Evidence,MEDIUM
PHASE11_STREAMING_ORACLE.md,N/A (Root Research Artifact),Root Milestone Report / CSV Audit / Shell Runner,ARCHIVE in research-history / Reference in thesis,High (Milestone Proofs & Phase Summaries),Phase Evidence,MEDIUM
PHASE11_STREAMING_ORACLE.py,N/A (Root Research Artifact),Root Milestone Report / CSV Audit / Shell Runner,ARCHIVE in research-history / Reference in thesis,High (Milestone Proofs & Phase Summaries),Phase Evidence,MEDIUM
PHASE11_STREAMING_RESULTS.csv,N/A (Root Research Artifact),Root Milestone Report / CSV Audit / Shell Runner,ARCHIVE in research-history / Reference in thesis,High (Milestone Proofs & Phase Summaries),Phase Evidence,MEDIUM
PHASE11_STRUCTURED_QSVT.py,N/A (Root Research Artifact),Root Milestone Report / CSV Audit / Shell Runner,ARCHIVE in research-history / Reference in thesis,High (Milestone Proofs & Phase Summaries),Phase Evidence,MEDIUM
PHASE11_STRUCTURED_QSVT_RESULTS.csv,N/A (Root Research Artifact),Root Milestone Report / CSV Audit / Shell Runner,ARCHIVE in research-history / Reference in thesis,High (Milestone Proofs & Phase Summaries),Phase Evidence,MEDIUM
PHASE12_2X2_HARDWARE_ANALYSIS.md,N/A (Root Research Artifact),Root Milestone Report / CSV Audit / Shell Runner,ARCHIVE in research-history / Reference in thesis,High (Milestone Proofs & Phase Summaries),Phase Evidence,MEDIUM
PHASE12_2X2_HARDWARE_RESULTS.csv,N/A (Root Research Artifact),Root Milestone Report / CSV Audit / Shell Runner,ARCHIVE in research-history / Reference in thesis,High (Milestone Proofs & Phase Summaries),Phase Evidence,MEDIUM
PHASE12_4X2_RESOURCE_ANALYSIS.md,N/A (Root Research Artifact),Root Milestone Report / CSV Audit / Shell Runner,ARCHIVE in research-history / Reference in thesis,High (Milestone Proofs & Phase Summaries),Phase Evidence,MEDIUM
PHASE12_BACKEND_METADATA.json,N/A (Root Research Artifact),Root Milestone Report / CSV Audit / Shell Runner,ARCHIVE in research-history / Reference in thesis,High (Milestone Proofs & Phase Summaries),Phase Evidence,MEDIUM
PHASE12_BACKEND_SELECTION.md,N/A (Root Research Artifact),Root Milestone Report / CSV Audit / Shell Runner,ARCHIVE in research-history / Reference in thesis,High (Milestone Proofs & Phase Summaries),Phase Evidence,MEDIUM
PHASE12_CALIBRATION_ANALYSIS.md,N/A (Root Research Artifact),Root Milestone Report / CSV Audit / Shell Runner,ARCHIVE in research-history / Reference in thesis,High (Milestone Proofs & Phase Summaries),Phase Evidence,MEDIUM
PHASE12_CLAIM_AUDIT.md,N/A (Root Research Artifact),Root Milestone Report / CSV Audit / Shell Runner,ARCHIVE in research-history / Reference in thesis,High (Milestone Proofs & Phase Summaries),Phase Evidence,MEDIUM
PHASE12_CLASSICAL_REFERENCE.csv,N/A (Root Research Artifact),Root Milestone Report / CSV Audit / Shell Runner,ARCHIVE in research-history / Reference in thesis,High (Milestone Proofs & Phase Summaries),Phase Evidence,MEDIUM
PHASE12_CLASSICAL_REFERENCE.md,N/A (Root Research Artifact),Root Milestone Report / CSV Audit / Shell Runner,ARCHIVE in research-history / Reference in thesis,High (Milestone Proofs & Phase Summaries),Phase Evidence,MEDIUM
PHASE12_COLLISION_HARDWARE_RESULTS.csv,N/A (Root Research Artifact),Root Milestone Report / CSV Audit / Shell Runner,ARCHIVE in research-history / Reference in thesis,High (Milestone Proofs & Phase Summaries),Phase Evidence,MEDIUM
PHASE12_COMPLETE_CIRCUIT_INVENTORY.csv,N/A (Root Research Artifact),Root Milestone Report / CSV Audit / Shell Runner,ARCHIVE in research-history / Reference in thesis,High (Milestone Proofs & Phase Summaries),Phase Evidence,MEDIUM
PHASE12_COMPLETE_CIRCUIT_INVENTORY.md,N/A (Root Research Artifact),Root Milestone Report / CSV Audit / Shell Runner,ARCHIVE in research-history / Reference in thesis,High (Milestone Proofs & Phase Summaries),Phase Evidence,MEDIUM
PHASE12_ERROR_MITIGATION.csv,N/A (Root Research Artifact),Root Milestone Report / CSV Audit / Shell Runner,ARCHIVE in research-history / Reference in thesis,High (Milestone Proofs & Phase Summaries),Phase Evidence,MEDIUM
PHASE12_FIGURE_MANIFEST.md,N/A (Root Research Artifact),Root Milestone Report / CSV Audit / Shell Runner,ARCHIVE in research-history / Reference in thesis,High (Milestone Proofs & Phase Summaries),Phase Evidence,MEDIUM
PHASE12_FINAL_CLAIM_MATRIX.csv,N/A (Root Research Artifact),Root Milestone Report / CSV Audit / Shell Runner,ARCHIVE in research-history / Reference in thesis,High (Milestone Proofs & Phase Summaries),Phase Evidence,MEDIUM
PHASE12_FINAL_SCIENTIFIC_REPORT.md,N/A (Root Research Artifact),Root Milestone Report / CSV Audit / Shell Runner,ARCHIVE in research-history / Reference in thesis,High (Milestone Proofs & Phase Summaries),Phase Evidence,MEDIUM
PHASE12_FINAL_SCIENTIFIC_VERDICT.md,N/A (Root Research Artifact),Root Milestone Report / CSV Audit / Shell Runner,ARCHIVE in research-history / Reference in thesis,High (Milestone Proofs & Phase Summaries),Phase Evidence,MEDIUM
PHASE12_HARDWARE_REPRODUCIBILITY.csv,N/A (Root Research Artifact),Root Milestone Report / CSV Audit / Shell Runner,ARCHIVE in research-history / Reference in thesis,High (Milestone Proofs & Phase Summaries),Phase Evidence,MEDIUM
PHASE12_HARDWARE_SAFETY.md,N/A (Root Research Artifact),Root Milestone Report / CSV Audit / Shell Runner,ARCHIVE in research-history / Reference in thesis,High (Milestone Proofs & Phase Summaries),Phase Evidence,MEDIUM
PHASE12_IDEAL_RESULTS.csv,N/A (Root Research Artifact),Root Milestone Report / CSV Audit / Shell Runner,ARCHIVE in research-history / Reference in thesis,High (Milestone Proofs & Phase Summaries),Phase Evidence,MEDIUM
PHASE12_IDEAL_RESULTS.md,N/A (Root Research Artifact),Root Milestone Report / CSV Audit / Shell Runner,ARCHIVE in research-history / Reference in thesis,High (Milestone Proofs & Phase Summaries),Phase Evidence,MEDIUM
PHASE12_MASTER_COMPARISON.csv,N/A (Root Research Artifact),Root Milestone Report / CSV Audit / Shell Runner,ARCHIVE in research-history / Reference in thesis,High (Milestone Proofs & Phase Summaries),Phase Evidence,MEDIUM
PHASE12_MASTER_COMPARISON.md,N/A (Root Research Artifact),Root Milestone Report / CSV Audit / Shell Runner,ARCHIVE in research-history / Reference in thesis,High (Milestone Proofs & Phase Summaries),Phase Evidence,MEDIUM
PHASE12_NOISY_RESULTS.csv,N/A (Root Research Artifact),Root Milestone Report / CSV Audit / Shell Runner,ARCHIVE in research-history / Reference in thesis,High (Milestone Proofs & Phase Summaries),Phase Evidence,MEDIUM
PHASE12_NOISY_RESULTS.md,N/A (Root Research Artifact),Root Milestone Report / CSV Audit / Shell Runner,ARCHIVE in research-history / Reference in thesis,High (Milestone Proofs & Phase Summaries),Phase Evidence,MEDIUM
PHASE12_PHASE11_FREEZE.md,N/A (Root Research Artifact),Root Milestone Report / CSV Audit / Shell Runner,ARCHIVE in research-history / Reference in thesis,High (Milestone Proofs & Phase Summaries),Phase Evidence,MEDIUM
PHASE12_PUBLICATION_TABLES.md,N/A (Root Research Artifact),Root Milestone Report / CSV Audit / Shell Runner,ARCHIVE in research-history / Reference in thesis,High (Milestone Proofs & Phase Summaries),Phase Evidence,MEDIUM
PHASE12_QSVT_HARDWARE_RESULTS.csv,N/A (Root Research Artifact),Root Milestone Report / CSV Audit / Shell Runner,ARCHIVE in research-history / Reference in thesis,High (Milestone Proofs & Phase Summaries),Phase Evidence,MEDIUM
PHASE12_SHOT_SCALING.csv,N/A (Root Research Artifact),Root Milestone Report / CSV Audit / Shell Runner,ARCHIVE in research-history / Reference in thesis,High (Milestone Proofs & Phase Summaries),Phase Evidence,MEDIUM
PHASE12_SHOT_SCALING.md,N/A (Root Research Artifact),Root Milestone Report / CSV Audit / Shell Runner,ARCHIVE in research-history / Reference in thesis,High (Milestone Proofs & Phase Summaries),Phase Evidence,MEDIUM
PHASE12_STREAMING_HARDWARE_RESULTS.csv,N/A (Root Research Artifact),Root Milestone Report / CSV Audit / Shell Runner,ARCHIVE in research-history / Reference in thesis,High (Milestone Proofs & Phase Summaries),Phase Evidence,MEDIUM
PHASE12_TIME_EVOLUTION_HARDWARE_LIMIT.md,N/A (Root Research Artifact),Root Milestone Report / CSV Audit / Shell Runner,ARCHIVE in research-history / Reference in thesis,High (Milestone Proofs & Phase Summaries),Phase Evidence,MEDIUM
PHASE12_TRANSPILATION_ANALYSIS.md,N/A (Root Research Artifact),Root Milestone Report / CSV Audit / Shell Runner,ARCHIVE in research-history / Reference in thesis,High (Milestone Proofs & Phase Summaries),Phase Evidence,MEDIUM
PHASE12_TRANSPILATION_RESULTS.csv,N/A (Root Research Artifact),Root Milestone Report / CSV Audit / Shell Runner,ARCHIVE in research-history / Reference in thesis,High (Milestone Proofs & Phase Summaries),Phase Evidence,MEDIUM
PHASE13_2X2_QUBLM_ANALYSIS.md,N/A (Root Research Artifact),Root Milestone Report / CSV Audit / Shell Runner,ARCHIVE in research-history / Reference in thesis,High (Milestone Proofs & Phase Summaries),Phase Evidence,MEDIUM
PHASE13_2X2_RESULTS.csv,N/A (Root Research Artifact),Root Milestone Report / CSV Audit / Shell Runner,ARCHIVE in research-history / Reference in thesis,High (Milestone Proofs & Phase Summaries),Phase Evidence,MEDIUM
PHASE13_4X2_QUBLM_ANALYSIS.md,N/A (Root Research Artifact),Root Milestone Report / CSV Audit / Shell Runner,ARCHIVE in research-history / Reference in thesis,High (Milestone Proofs & Phase Summaries),Phase Evidence,MEDIUM
PHASE13_4X2_RESULTS.csv,N/A (Root Research Artifact),Root Milestone Report / CSV Audit / Shell Runner,ARCHIVE in research-history / Reference in thesis,High (Milestone Proofs & Phase Summaries),Phase Evidence,MEDIUM
PHASE13_CLASSICAL_QUANTUM_COMPARISON.md,N/A (Root Research Artifact),Root Milestone Report / CSV Audit / Shell Runner,ARCHIVE in research-history / Reference in thesis,High (Milestone Proofs & Phase Summaries),Phase Evidence,MEDIUM
PHASE13_ERROR_MITIGATION.csv,N/A (Root Research Artifact),Root Milestone Report / CSV Audit / Shell Runner,ARCHIVE in research-history / Reference in thesis,High (Milestone Proofs & Phase Summaries),Phase Evidence,MEDIUM
PHASE13_ERROR_MITIGATION_ANALYSIS.md,N/A (Root Research Artifact),Root Milestone Report / CSV Audit / Shell Runner,ARCHIVE in research-history / Reference in thesis,High (Milestone Proofs & Phase Summaries),Phase Evidence,MEDIUM
PHASE13_EXPERIMENTAL_METHODS.md,N/A (Root Research Artifact),Root Milestone Report / CSV Audit / Shell Runner,ARCHIVE in research-history / Reference in thesis,High (Milestone Proofs & Phase Summaries),Phase Evidence,MEDIUM
PHASE13_FIGURE_MANIFEST.md,N/A (Root Research Artifact),Root Milestone Report / CSV Audit / Shell Runner,ARCHIVE in research-history / Reference in thesis,High (Milestone Proofs & Phase Summaries),Phase Evidence,MEDIUM
PHASE13_FINAL_CLAIM_MATRIX.csv,N/A (Root Research Artifact),Root Milestone Report / CSV Audit / Shell Runner,ARCHIVE in research-history / Reference in thesis,High (Milestone Proofs & Phase Summaries),Phase Evidence,MEDIUM
PHASE13_FINAL_SCIENTIFIC_REPORT.md,N/A (Root Research Artifact),Root Milestone Report / CSV Audit / Shell Runner,ARCHIVE in research-history / Reference in thesis,High (Milestone Proofs & Phase Summaries),Phase Evidence,MEDIUM
PHASE13_FINAL_SCIENTIFIC_VERDICT.md,N/A (Root Research Artifact),Root Milestone Report / CSV Audit / Shell Runner,ARCHIVE in research-history / Reference in thesis,High (Milestone Proofs & Phase Summaries),Phase Evidence,MEDIUM
PHASE13_HARDWARE_CALIBRATION_ANALYSIS.md,N/A (Root Research Artifact),Root Milestone Report / CSV Audit / Shell Runner,ARCHIVE in research-history / Reference in thesis,High (Milestone Proofs & Phase Summaries),Phase Evidence,MEDIUM
PHASE13_HARDWARE_EXECUTION_GUIDE.md,N/A (Root Research Artifact),Root Milestone Report / CSV Audit / Shell Runner,ARCHIVE in research-history / Reference in thesis,High (Milestone Proofs & Phase Summaries),Phase Evidence,MEDIUM
PHASE13_HARDWARE_JOBS.csv,N/A (Root Research Artifact),Root Milestone Report / CSV Audit / Shell Runner,ARCHIVE in research-history / Reference in thesis,High (Milestone Proofs & Phase Summaries),Phase Evidence,MEDIUM
PHASE13_HARDWARE_LIMITATIONS.md,N/A (Root Research Artifact),Root Milestone Report / CSV Audit / Shell Runner,ARCHIVE in research-history / Reference in thesis,High (Milestone Proofs & Phase Summaries),Phase Evidence,MEDIUM
PHASE13_HARDWARE_RESULTS.csv,N/A (Root Research Artifact),Root Milestone Report / CSV Audit / Shell Runner,ARCHIVE in research-history / Reference in thesis,High (Milestone Proofs & Phase Summaries),Phase Evidence,MEDIUM
PHASE13_IDEAL_RESULTS.csv,N/A (Root Research Artifact),Root Milestone Report / CSV Audit / Shell Runner,ARCHIVE in research-history / Reference in thesis,High (Milestone Proofs & Phase Summaries),Phase Evidence,MEDIUM
PHASE13_NOISY_RESULTS.csv,N/A (Root Research Artifact),Root Milestone Report / CSV Audit / Shell Runner,ARCHIVE in research-history / Reference in thesis,High (Milestone Proofs & Phase Summaries),Phase Evidence,MEDIUM
PHASE13_PHASE12_FREEZE.md,N/A (Root Research Artifact),Root Milestone Report / CSV Audit / Shell Runner,ARCHIVE in research-history / Reference in thesis,High (Milestone Proofs & Phase Summaries),Phase Evidence,MEDIUM
PHASE13_QSVT_HARDWARE_ANALYSIS.md,N/A (Root Research Artifact),Root Milestone Report / CSV Audit / Shell Runner,ARCHIVE in research-history / Reference in thesis,High (Milestone Proofs & Phase Summaries),Phase Evidence,MEDIUM
PHASE13_QSVT_HARDWARE_RESULTS.csv,N/A (Root Research Artifact),Root Milestone Report / CSV Audit / Shell Runner,ARCHIVE in research-history / Reference in thesis,High (Milestone Proofs & Phase Summaries),Phase Evidence,MEDIUM
PHASE13_REAL_QPU_RESULTS.md,N/A (Root Research Artifact),Root Milestone Report / CSV Audit / Shell Runner,ARCHIVE in research-history / Reference in thesis,High (Milestone Proofs & Phase Summaries),Phase Evidence,MEDIUM
PHASE13_RESOURCE_ANALYSIS.csv,N/A (Root Research Artifact),Root Milestone Report / CSV Audit / Shell Runner,ARCHIVE in research-history / Reference in thesis,High (Milestone Proofs & Phase Summaries),Phase Evidence,MEDIUM
PHASE13_SHOT_SCALING.csv,N/A (Root Research Artifact),Root Milestone Report / CSV Audit / Shell Runner,ARCHIVE in research-history / Reference in thesis,High (Milestone Proofs & Phase Summaries),Phase Evidence,MEDIUM
PHASE13_STATISTICAL_ANALYSIS.csv,N/A (Root Research Artifact),Root Milestone Report / CSV Audit / Shell Runner,ARCHIVE in research-history / Reference in thesis,High (Milestone Proofs & Phase Summaries),Phase Evidence,MEDIUM
PHASE14_2X2_QUBLM_HARDWARE_RESULTS.csv,N/A (Root Research Artifact),Root Milestone Report / CSV Audit / Shell Runner,ARCHIVE in research-history / Reference in thesis,High (Milestone Proofs & Phase Summaries),Phase Evidence,MEDIUM
PHASE14_4X2_HARDWARE_ANALYSIS.md,N/A (Root Research Artifact),Root Milestone Report / CSV Audit / Shell Runner,ARCHIVE in research-history / Reference in thesis,High (Milestone Proofs & Phase Summaries),Phase Evidence,MEDIUM
PHASE14_4X2_HARDWARE_RESULTS.csv,N/A (Root Research Artifact),Root Milestone Report / CSV Audit / Shell Runner,ARCHIVE in research-history / Reference in thesis,High (Milestone Proofs & Phase Summaries),Phase Evidence,MEDIUM
PHASE14_AUTHENTICATION_STATUS.md,N/A (Root Research Artifact),Root Milestone Report / CSV Audit / Shell Runner,ARCHIVE in research-history / Reference in thesis,High (Milestone Proofs & Phase Summaries),Phase Evidence,MEDIUM
PHASE14_BACKEND_METADATA.json,N/A (Root Research Artifact),Root Milestone Report / CSV Audit / Shell Runner,ARCHIVE in research-history / Reference in thesis,High (Milestone Proofs & Phase Summaries),Phase Evidence,MEDIUM
PHASE14_BACKEND_SELECTION.md,N/A (Root Research Artifact),Root Milestone Report / CSV Audit / Shell Runner,ARCHIVE in research-history / Reference in thesis,High (Milestone Proofs & Phase Summaries),Phase Evidence,MEDIUM
PHASE14_CALIBRATION_ERROR_ANALYSIS.md,N/A (Root Research Artifact),Root Milestone Report / CSV Audit / Shell Runner,ARCHIVE in research-history / Reference in thesis,High (Milestone Proofs & Phase Summaries),Phase Evidence,MEDIUM
PHASE14_COLLISION_HARDWARE_RESULTS.csv,N/A (Root Research Artifact),Root Milestone Report / CSV Audit / Shell Runner,ARCHIVE in research-history / Reference in thesis,High (Milestone Proofs & Phase Summaries),Phase Evidence,MEDIUM
PHASE14_COMPLETE_HARDWARE_INVENTORY.csv,N/A (Root Research Artifact),Root Milestone Report / CSV Audit / Shell Runner,ARCHIVE in research-history / Reference in thesis,High (Milestone Proofs & Phase Summaries),Phase Evidence,MEDIUM
PHASE14_COMPLETE_HARDWARE_INVENTORY.md,N/A (Root Research Artifact),Root Milestone Report / CSV Audit / Shell Runner,ARCHIVE in research-history / Reference in thesis,High (Milestone Proofs & Phase Summaries),Phase Evidence,MEDIUM
PHASE14_FIGURE_MANIFEST.md,N/A (Root Research Artifact),Root Milestone Report / CSV Audit / Shell Runner,ARCHIVE in research-history / Reference in thesis,High (Milestone Proofs & Phase Summaries),Phase Evidence,MEDIUM
PHASE14_FINAL_CLAIM_MATRIX.csv,N/A (Root Research Artifact),Root Milestone Report / CSV Audit / Shell Runner,ARCHIVE in research-history / Reference in thesis,High (Milestone Proofs & Phase Summaries),Phase Evidence,MEDIUM
PHASE14_FINAL_HARDWARE_REPORT.md,N/A (Root Research Artifact),Root Milestone Report / CSV Audit / Shell Runner,ARCHIVE in research-history / Reference in thesis,High (Milestone Proofs & Phase Summaries),Phase Evidence,MEDIUM
PHASE14_FINAL_SCIENTIFIC_VERDICT.md,N/A (Root Research Artifact),Root Milestone Report / CSV Audit / Shell Runner,ARCHIVE in research-history / Reference in thesis,High (Milestone Proofs & Phase Summaries),Phase Evidence,MEDIUM
PHASE14_MASTER_HARDWARE_COMPARISON.csv,N/A (Root Research Artifact),Root Milestone Report / CSV Audit / Shell Runner,ARCHIVE in research-history / Reference in thesis,High (Milestone Proofs & Phase Summaries),Phase Evidence,MEDIUM
PHASE14_MASTER_HARDWARE_COMPARISON.md,N/A (Root Research Artifact),Root Milestone Report / CSV Audit / Shell Runner,ARCHIVE in research-history / Reference in thesis,High (Milestone Proofs & Phase Summaries),Phase Evidence,MEDIUM
PHASE14_PHASE13_FREEZE.md,N/A (Root Research Artifact),Root Milestone Report / CSV Audit / Shell Runner,ARCHIVE in research-history / Reference in thesis,High (Milestone Proofs & Phase Summaries),Phase Evidence,MEDIUM
PHASE14_QSVT_HARDWARE_RESULTS.csv,N/A (Root Research Artifact),Root Milestone Report / CSV Audit / Shell Runner,ARCHIVE in research-history / Reference in thesis,High (Milestone Proofs & Phase Summaries),Phase Evidence,MEDIUM
PHASE14_REAL_HARDWARE_ERROR_MITIGATION.csv,N/A (Root Research Artifact),Root Milestone Report / CSV Audit / Shell Runner,ARCHIVE in research-history / Reference in thesis,High (Milestone Proofs & Phase Summaries),Phase Evidence,MEDIUM
PHASE14_REAL_QPU_JOBS.csv,N/A (Root Research Artifact),Root Milestone Report / CSV Audit / Shell Runner,ARCHIVE in research-history / Reference in thesis,High (Milestone Proofs & Phase Summaries),Phase Evidence,MEDIUM
PHASE14_RESOURCE_SCALING.md,N/A (Root Research Artifact),Root Milestone Report / CSV Audit / Shell Runner,ARCHIVE in research-history / Reference in thesis,High (Milestone Proofs & Phase Summaries),Phase Evidence,MEDIUM
PHASE14_SHOT_SCALING.csv,N/A (Root Research Artifact),Root Milestone Report / CSV Audit / Shell Runner,ARCHIVE in research-history / Reference in thesis,High (Milestone Proofs & Phase Summaries),Phase Evidence,MEDIUM
PHASE14_SHOT_SCALING.md,N/A (Root Research Artifact),Root Milestone Report / CSV Audit / Shell Runner,ARCHIVE in research-history / Reference in thesis,High (Milestone Proofs & Phase Summaries),Phase Evidence,MEDIUM
PHASE14_STREAMING_HARDWARE_RESULTS.csv,N/A (Root Research Artifact),Root Milestone Report / CSV Audit / Shell Runner,ARCHIVE in research-history / Reference in thesis,High (Milestone Proofs & Phase Summaries),Phase Evidence,MEDIUM
PHASE15_AUTHENTICATION_STATUS.md,N/A (Root Research Artifact),Root Milestone Report / CSV Audit / Shell Runner,ARCHIVE in research-history / Reference in thesis,High (Milestone Proofs & Phase Summaries),Phase Evidence,MEDIUM
PHASE15_BACKEND_DISCOVERY.csv,N/A (Root Research Artifact),Root Milestone Report / CSV Audit / Shell Runner,ARCHIVE in research-history / Reference in thesis,High (Milestone Proofs & Phase Summaries),Phase Evidence,MEDIUM
PHASE15_BACKEND_METADATA.json,N/A (Root Research Artifact),Root Milestone Report / CSV Audit / Shell Runner,ARCHIVE in research-history / Reference in thesis,High (Milestone Proofs & Phase Summaries),Phase Evidence,MEDIUM
PHASE15_BACKEND_SELECTION.md,N/A (Root Research Artifact),Root Milestone Report / CSV Audit / Shell Runner,ARCHIVE in research-history / Reference in thesis,High (Milestone Proofs & Phase Summaries),Phase Evidence,MEDIUM
PHASE15_CALIBRATION_DATA.csv,N/A (Root Research Artifact),Root Milestone Report / CSV Audit / Shell Runner,ARCHIVE in research-history / Reference in thesis,High (Milestone Proofs & Phase Summaries),Phase Evidence,MEDIUM
PHASE15_COMPLETE_CIRCUIT_INVENTORY.csv,N/A (Root Research Artifact),Root Milestone Report / CSV Audit / Shell Runner,ARCHIVE in research-history / Reference in thesis,High (Milestone Proofs & Phase Summaries),Phase Evidence,MEDIUM
PHASE15_COMPLETE_CIRCUIT_INVENTORY.md,N/A (Root Research Artifact),Root Milestone Report / CSV Audit / Shell Runner,ARCHIVE in research-history / Reference in thesis,High (Milestone Proofs & Phase Summaries),Phase Evidence,MEDIUM
PHASE15_DENSE_VS_STRUCTURED.csv,N/A (Root Research Artifact),Root Milestone Report / CSV Audit / Shell Runner,ARCHIVE in research-history / Reference in thesis,High (Milestone Proofs & Phase Summaries),Phase Evidence,MEDIUM
PHASE15_ERROR_MITIGATION.csv,N/A (Root Research Artifact),Root Milestone Report / CSV Audit / Shell Runner,ARCHIVE in research-history / Reference in thesis,High (Milestone Proofs & Phase Summaries),Phase Evidence,MEDIUM
PHASE15_EXPERIMENTAL_METHODS.md,N/A (Root Research Artifact),Root Milestone Report / CSV Audit / Shell Runner,ARCHIVE in research-history / Reference in thesis,High (Milestone Proofs & Phase Summaries),Phase Evidence,MEDIUM
PHASE15_FIGURE_MANIFEST.md,N/A (Root Research Artifact),Root Milestone Report / CSV Audit / Shell Runner,ARCHIVE in research-history / Reference in thesis,High (Milestone Proofs & Phase Summaries),Phase Evidence,MEDIUM
PHASE15_FINAL_CLAIM_MATRIX.csv,N/A (Root Research Artifact),Root Milestone Report / CSV Audit / Shell Runner,ARCHIVE in research-history / Reference in thesis,High (Milestone Proofs & Phase Summaries),Phase Evidence,MEDIUM
PHASE15_FINAL_SCIENTIFIC_REPORT.md,N/A (Root Research Artifact),Root Milestone Report / CSV Audit / Shell Runner,ARCHIVE in research-history / Reference in thesis,High (Milestone Proofs & Phase Summaries),Phase Evidence,MEDIUM
PHASE15_FINAL_SCIENTIFIC_VERDICT.md,N/A (Root Research Artifact),Root Milestone Report / CSV Audit / Shell Runner,ARCHIVE in research-history / Reference in thesis,High (Milestone Proofs & Phase Summaries),Phase Evidence,MEDIUM
PHASE15_HARDWARE_LIMITATIONS.md,N/A (Root Research Artifact),Root Milestone Report / CSV Audit / Shell Runner,ARCHIVE in research-history / Reference in thesis,High (Milestone Proofs & Phase Summaries),Phase Evidence,MEDIUM
PHASE15_MULTISTEP_RESULTS.csv,N/A (Root Research Artifact),Root Milestone Report / CSV Audit / Shell Runner,ARCHIVE in research-history / Reference in thesis,High (Milestone Proofs & Phase Summaries),Phase Evidence,MEDIUM
PHASE15_PHASE14_FREEZE.md,N/A (Root Research Artifact),Root Milestone Report / CSV Audit / Shell Runner,ARCHIVE in research-history / Reference in thesis,High (Milestone Proofs & Phase Summaries),Phase Evidence,MEDIUM
PHASE15_RAW_HARDWARE_DATA_INDEX.csv,N/A (Root Research Artifact),Root Milestone Report / CSV Audit / Shell Runner,ARCHIVE in research-history / Reference in thesis,High (Milestone Proofs & Phase Summaries),Phase Evidence,MEDIUM
PHASE15_REAL_QPU_REPRODUCTION_GUIDE.md,N/A (Root Research Artifact),Root Milestone Report / CSV Audit / Shell Runner,ARCHIVE in research-history / Reference in thesis,High (Milestone Proofs & Phase Summaries),Phase Evidence,MEDIUM
PHASE15_REAL_QPU_RESULTS.csv,N/A (Root Research Artifact),Root Milestone Report / CSV Audit / Shell Runner,ARCHIVE in research-history / Reference in thesis,High (Milestone Proofs & Phase Summaries),Phase Evidence,MEDIUM
PHASE15_REAL_QPU_RESULTS.md,N/A (Root Research Artifact),Root Milestone Report / CSV Audit / Shell Runner,ARCHIVE in research-history / Reference in thesis,High (Milestone Proofs & Phase Summaries),Phase Evidence,MEDIUM
PHASE15_SCALING_RESULTS.csv,N/A (Root Research Artifact),Root Milestone Report / CSV Audit / Shell Runner,ARCHIVE in research-history / Reference in thesis,High (Milestone Proofs & Phase Summaries),Phase Evidence,MEDIUM
PHASE15_STATISTICAL_RESULTS.csv,N/A (Root Research Artifact),Root Milestone Report / CSV Audit / Shell Runner,ARCHIVE in research-history / Reference in thesis,High (Milestone Proofs & Phase Summaries),Phase Evidence,MEDIUM
PHASE5_FINAL_CLAIM_MATRIX.csv,N/A (Root Research Artifact),Root Milestone Report / CSV Audit / Shell Runner,ARCHIVE in research-history / Reference in thesis,High (Milestone Proofs & Phase Summaries),Phase Evidence,MEDIUM
PHASE5_FINAL_SCIENTIFIC_REPORT.md,N/A (Root Research Artifact),Root Milestone Report / CSV Audit / Shell Runner,ARCHIVE in research-history / Reference in thesis,High (Milestone Proofs & Phase Summaries),Phase Evidence,MEDIUM
PHASE5_MULTISTEP_FINAL.csv,N/A (Root Research Artifact),Root Milestone Report / CSV Audit / Shell Runner,ARCHIVE in research-history / Reference in thesis,High (Milestone Proofs & Phase Summaries),Phase Evidence,MEDIUM
PHASE5_MULTISTEP_FINAL.md,N/A (Root Research Artifact),Root Milestone Report / CSV Audit / Shell Runner,ARCHIVE in research-history / Reference in thesis,High (Milestone Proofs & Phase Summaries),Phase Evidence,MEDIUM
PHASE5_OBSERVABLE_DEFINITIONS.md,N/A (Root Research Artifact),Root Milestone Report / CSV Audit / Shell Runner,ARCHIVE in research-history / Reference in thesis,High (Milestone Proofs & Phase Summaries),Phase Evidence,MEDIUM
PHASE5_QUANTUM_SURROGATE_SPECIFICATION.md,N/A (Root Research Artifact),Root Milestone Report / CSV Audit / Shell Runner,ARCHIVE in research-history / Reference in thesis,High (Milestone Proofs & Phase Summaries),Phase Evidence,MEDIUM
PHASE5_RESOURCE_SCALING.md,N/A (Root Research Artifact),Root Milestone Report / CSV Audit / Shell Runner,ARCHIVE in research-history / Reference in thesis,High (Milestone Proofs & Phase Summaries),Phase Evidence,MEDIUM
PHASE5_SCOPE_CORRECTION.md,N/A (Root Research Artifact),Root Milestone Report / CSV Audit / Shell Runner,ARCHIVE in research-history / Reference in thesis,High (Milestone Proofs & Phase Summaries),Phase Evidence,MEDIUM
PHASE6_BASELINE_AUDIT.md,N/A (Root Research Artifact),Root Milestone Report / CSV Audit / Shell Runner,ARCHIVE in research-history / Reference in thesis,High (Milestone Proofs & Phase Summaries),Phase Evidence,MEDIUM
PHASE6_CARLEMAN_TIME_ERROR.csv,N/A (Root Research Artifact),Root Milestone Report / CSV Audit / Shell Runner,ARCHIVE in research-history / Reference in thesis,High (Milestone Proofs & Phase Summaries),Phase Evidence,MEDIUM
PHASE6_CARLEMAN_TIME_ERROR.md,N/A (Root Research Artifact),Root Milestone Report / CSV Audit / Shell Runner,ARCHIVE in research-history / Reference in thesis,High (Milestone Proofs & Phase Summaries),Phase Evidence,MEDIUM
PHASE6_CIRCUIT_RESOURCES.csv,N/A (Root Research Artifact),Root Milestone Report / CSV Audit / Shell Runner,ARCHIVE in research-history / Reference in thesis,High (Milestone Proofs & Phase Summaries),Phase Evidence,MEDIUM
PHASE6_CIRCUIT_RESOURCE_ANALYSIS.md,N/A (Root Research Artifact),Root Milestone Report / CSV Audit / Shell Runner,ARCHIVE in research-history / Reference in thesis,High (Milestone Proofs & Phase Summaries),Phase Evidence,MEDIUM
PHASE6_CLAIM_AUDIT.md,N/A (Root Research Artifact),Root Milestone Report / CSV Audit / Shell Runner,ARCHIVE in research-history / Reference in thesis,High (Milestone Proofs & Phase Summaries),Phase Evidence,MEDIUM
PHASE6_CLASSICAL_BENCHMARK.csv,N/A (Root Research Artifact),Root Milestone Report / CSV Audit / Shell Runner,ARCHIVE in research-history / Reference in thesis,High (Milestone Proofs & Phase Summaries),Phase Evidence,MEDIUM
PHASE6_CLASSICAL_BENCHMARK.md,N/A (Root Research Artifact),Root Milestone Report / CSV Audit / Shell Runner,ARCHIVE in research-history / Reference in thesis,High (Milestone Proofs & Phase Summaries),Phase Evidence,MEDIUM
PHASE6_CLASSICAL_VS_QUANTUM_EMULATION.csv,N/A (Root Research Artifact),Root Milestone Report / CSV Audit / Shell Runner,ARCHIVE in research-history / Reference in thesis,High (Milestone Proofs & Phase Summaries),Phase Evidence,MEDIUM
PHASE6_CONDITION_NUMBER_ANALYSIS.md,N/A (Root Research Artifact),Root Milestone Report / CSV Audit / Shell Runner,ARCHIVE in research-history / Reference in thesis,High (Milestone Proofs & Phase Summaries),Phase Evidence,MEDIUM
PHASE6_CONDITION_NUMBER_SWEEP.csv,N/A (Root Research Artifact),Root Milestone Report / CSV Audit / Shell Runner,ARCHIVE in research-history / Reference in thesis,High (Milestone Proofs & Phase Summaries),Phase Evidence,MEDIUM
PHASE6_ERROR_BUDGET.csv,N/A (Root Research Artifact),Root Milestone Report / CSV Audit / Shell Runner,ARCHIVE in research-history / Reference in thesis,High (Milestone Proofs & Phase Summaries),Phase Evidence,MEDIUM
PHASE6_ERROR_BUDGET.md,N/A (Root Research Artifact),Root Milestone Report / CSV Audit / Shell Runner,ARCHIVE in research-history / Reference in thesis,High (Milestone Proofs & Phase Summaries),Phase Evidence,MEDIUM
PHASE6_FAILURE_BOUNDARIES.csv,N/A (Root Research Artifact),Root Milestone Report / CSV Audit / Shell Runner,ARCHIVE in research-history / Reference in thesis,High (Milestone Proofs & Phase Summaries),Phase Evidence,MEDIUM
PHASE6_FAILURE_BOUNDARIES.md,N/A (Root Research Artifact),Root Milestone Report / CSV Audit / Shell Runner,ARCHIVE in research-history / Reference in thesis,High (Milestone Proofs & Phase Summaries),Phase Evidence,MEDIUM
PHASE6_FIGURE_MANIFEST.md,N/A (Root Research Artifact),Root Milestone Report / CSV Audit / Shell Runner,ARCHIVE in research-history / Reference in thesis,High (Milestone Proofs & Phase Summaries),Phase Evidence,MEDIUM
PHASE6_FINAL_CLAIM_MATRIX.csv,N/A (Root Research Artifact),Root Milestone Report / CSV Audit / Shell Runner,ARCHIVE in research-history / Reference in thesis,High (Milestone Proofs & Phase Summaries),Phase Evidence,MEDIUM
PHASE6_FINAL_SCIENTIFIC_REPORT.md,N/A (Root Research Artifact),Root Milestone Report / CSV Audit / Shell Runner,ARCHIVE in research-history / Reference in thesis,High (Milestone Proofs & Phase Summaries),Phase Evidence,MEDIUM
PHASE6_GRID_SCALING.csv,N/A (Root Research Artifact),Root Milestone Report / CSV Audit / Shell Runner,ARCHIVE in research-history / Reference in thesis,High (Milestone Proofs & Phase Summaries),Phase Evidence,MEDIUM
PHASE6_GRID_SCALING.md,N/A (Root Research Artifact),Root Milestone Report / CSV Audit / Shell Runner,ARCHIVE in research-history / Reference in thesis,High (Milestone Proofs & Phase Summaries),Phase Evidence,MEDIUM
PHASE6_NOISE_ROBUSTNESS.csv,N/A (Root Research Artifact),Root Milestone Report / CSV Audit / Shell Runner,ARCHIVE in research-history / Reference in thesis,High (Milestone Proofs & Phase Summaries),Phase Evidence,MEDIUM
PHASE6_NOISE_ROBUSTNESS.md,N/A (Root Research Artifact),Root Milestone Report / CSV Audit / Shell Runner,ARCHIVE in research-history / Reference in thesis,High (Milestone Proofs & Phase Summaries),Phase Evidence,MEDIUM
PHASE6_OBSERVABLE_ADVANTAGE_ANALYSIS.md,N/A (Root Research Artifact),Root Milestone Report / CSV Audit / Shell Runner,ARCHIVE in research-history / Reference in thesis,High (Milestone Proofs & Phase Summaries),Phase Evidence,MEDIUM
PHASE6_OBSERVABLE_ESTIMATION.csv,N/A (Root Research Artifact),Root Milestone Report / CSV Audit / Shell Runner,ARCHIVE in research-history / Reference in thesis,High (Milestone Proofs & Phase Summaries),Phase Evidence,MEDIUM
PHASE6_PERFORMANCE_ANALYSIS.md,N/A (Root Research Artifact),Root Milestone Report / CSV Audit / Shell Runner,ARCHIVE in research-history / Reference in thesis,High (Milestone Proofs & Phase Summaries),Phase Evidence,MEDIUM
PHASE6_QSVT_DEGREE_SWEEP.csv,N/A (Root Research Artifact),Root Milestone Report / CSV Audit / Shell Runner,ARCHIVE in research-history / Reference in thesis,High (Milestone Proofs & Phase Summaries),Phase Evidence,MEDIUM
PHASE6_QSVT_DEGREE_SWEEP.md,N/A (Root Research Artifact),Root Milestone Report / CSV Audit / Shell Runner,ARCHIVE in research-history / Reference in thesis,High (Milestone Proofs & Phase Summaries),Phase Evidence,MEDIUM
PHASE7_BLOCK_ENCODING_AUDIT.md,N/A (Root Research Artifact),Root Milestone Report / CSV Audit / Shell Runner,ARCHIVE in research-history / Reference in thesis,High (Milestone Proofs & Phase Summaries),Phase Evidence,MEDIUM
PHASE7_CARLEMAN_ERROR.csv,N/A (Root Research Artifact),Root Milestone Report / CSV Audit / Shell Runner,ARCHIVE in research-history / Reference in thesis,High (Milestone Proofs & Phase Summaries),Phase Evidence,MEDIUM
PHASE7_CARLEMAN_FINAL_AUDIT.md,N/A (Root Research Artifact),Root Milestone Report / CSV Audit / Shell Runner,ARCHIVE in research-history / Reference in thesis,High (Milestone Proofs & Phase Summaries),Phase Evidence,MEDIUM
PHASE7_CLAIM_DEPENDENCY_GRAPH.json,N/A (Root Research Artifact),Root Milestone Report / CSV Audit / Shell Runner,ARCHIVE in research-history / Reference in thesis,High (Milestone Proofs & Phase Summaries),Phase Evidence,MEDIUM
PHASE7_CLAIM_DEPENDENCY_GRAPH.md,N/A (Root Research Artifact),Root Milestone Report / CSV Audit / Shell Runner,ARCHIVE in research-history / Reference in thesis,High (Milestone Proofs & Phase Summaries),Phase Evidence,MEDIUM
PHASE7_CLASSICAL_FINAL_VALIDATION.csv,N/A (Root Research Artifact),Root Milestone Report / CSV Audit / Shell Runner,ARCHIVE in research-history / Reference in thesis,High (Milestone Proofs & Phase Summaries),Phase Evidence,MEDIUM
PHASE7_CLASSICAL_FINAL_VALIDATION.md,N/A (Root Research Artifact),Root Milestone Report / CSV Audit / Shell Runner,ARCHIVE in research-history / Reference in thesis,High (Milestone Proofs & Phase Summaries),Phase Evidence,MEDIUM
PHASE7_COMPLEXITY_AUDIT.md,N/A (Root Research Artifact),Root Milestone Report / CSV Audit / Shell Runner,ARCHIVE in research-history / Reference in thesis,High (Milestone Proofs & Phase Summaries),Phase Evidence,MEDIUM
PHASE7_ERROR_BUDGET.csv,N/A (Root Research Artifact),Root Milestone Report / CSV Audit / Shell Runner,ARCHIVE in research-history / Reference in thesis,High (Milestone Proofs & Phase Summaries),Phase Evidence,MEDIUM
PHASE7_FAILURE_BOUNDARIES.csv,N/A (Root Research Artifact),Root Milestone Report / CSV Audit / Shell Runner,ARCHIVE in research-history / Reference in thesis,High (Milestone Proofs & Phase Summaries),Phase Evidence,MEDIUM
PHASE7_FAILURE_BOUNDARIES.md,N/A (Root Research Artifact),Root Milestone Report / CSV Audit / Shell Runner,ARCHIVE in research-history / Reference in thesis,High (Milestone Proofs & Phase Summaries),Phase Evidence,MEDIUM
PHASE7_FIGURE_MANIFEST.md,N/A (Root Research Artifact),Root Milestone Report / CSV Audit / Shell Runner,ARCHIVE in research-history / Reference in thesis,High (Milestone Proofs & Phase Summaries),Phase Evidence,MEDIUM
PHASE7_FINAL_ADVERSARIAL_AUDIT.md,N/A (Root Research Artifact),Root Milestone Report / CSV Audit / Shell Runner,ARCHIVE in research-history / Reference in thesis,High (Milestone Proofs & Phase Summaries),Phase Evidence,MEDIUM
PHASE7_FINAL_CLAIM_MATRIX.csv,N/A (Root Research Artifact),Root Milestone Report / CSV Audit / Shell Runner,ARCHIVE in research-history / Reference in thesis,High (Milestone Proofs & Phase Summaries),Phase Evidence,MEDIUM
PHASE7_FINAL_ERROR_BUDGET.md,N/A (Root Research Artifact),Root Milestone Report / CSV Audit / Shell Runner,ARCHIVE in research-history / Reference in thesis,High (Milestone Proofs & Phase Summaries),Phase Evidence,MEDIUM
PHASE7_FINAL_SCIENTIFIC_REPORT.md,N/A (Root Research Artifact),Root Milestone Report / CSV Audit / Shell Runner,ARCHIVE in research-history / Reference in thesis,High (Milestone Proofs & Phase Summaries),Phase Evidence,MEDIUM
PHASE7_POLYNOMIAL_FINAL_AUDIT.md,N/A (Root Research Artifact),Root Milestone Report / CSV Audit / Shell Runner,ARCHIVE in research-history / Reference in thesis,High (Milestone Proofs & Phase Summaries),Phase Evidence,MEDIUM
PHASE7_PUBLICATION_NARRATIVE.md,N/A (Root Research Artifact),Root Milestone Report / CSV Audit / Shell Runner,ARCHIVE in research-history / Reference in thesis,High (Milestone Proofs & Phase Summaries),Phase Evidence,MEDIUM
PHASE7_PUBLICATION_TABLES.md,N/A (Root Research Artifact),Root Milestone Report / CSV Audit / Shell Runner,ARCHIVE in research-history / Reference in thesis,High (Milestone Proofs & Phase Summaries),Phase Evidence,MEDIUM
PHASE7_QSVT_FINAL_AUDIT.csv,N/A (Root Research Artifact),Root Milestone Report / CSV Audit / Shell Runner,ARCHIVE in research-history / Reference in thesis,High (Milestone Proofs & Phase Summaries),Phase Evidence,MEDIUM
PHASE7_QSVT_FINAL_AUDIT.md,N/A (Root Research Artifact),Root Milestone Report / CSV Audit / Shell Runner,ARCHIVE in research-history / Reference in thesis,High (Milestone Proofs & Phase Summaries),Phase Evidence,MEDIUM
PHASE7_QUANTUM_EXECUTION_AUTHENTICITY.md,N/A (Root Research Artifact),Root Milestone Report / CSV Audit / Shell Runner,ARCHIVE in research-history / Reference in thesis,High (Milestone Proofs & Phase Summaries),Phase Evidence,MEDIUM
PHASE7_REPOSITORY_AUDIT.md,N/A (Root Research Artifact),Root Milestone Report / CSV Audit / Shell Runner,ARCHIVE in research-history / Reference in thesis,High (Milestone Proofs & Phase Summaries),Phase Evidence,MEDIUM
PHASE7_RESOURCE_ESTIMATES.csv,N/A (Root Research Artifact),Root Milestone Report / CSV Audit / Shell Runner,ARCHIVE in research-history / Reference in thesis,High (Milestone Proofs & Phase Summaries),Phase Evidence,MEDIUM
PHASE7_RESOURCE_ESTIMATES.md,N/A (Root Research Artifact),Root Milestone Report / CSV Audit / Shell Runner,ARCHIVE in research-history / Reference in thesis,High (Milestone Proofs & Phase Summaries),Phase Evidence,MEDIUM
PHASE7_REVIEWER_CFD.md,N/A (Root Research Artifact),Root Milestone Report / CSV Audit / Shell Runner,ARCHIVE in research-history / Reference in thesis,High (Milestone Proofs & Phase Summaries),Phase Evidence,MEDIUM
PHASE7_REVIEWER_NUMERICAL.md,N/A (Root Research Artifact),Root Milestone Report / CSV Audit / Shell Runner,ARCHIVE in research-history / Reference in thesis,High (Milestone Proofs & Phase Summaries),Phase Evidence,MEDIUM
PHASE7_REVIEWER_QUANTUM.md,N/A (Root Research Artifact),Root Milestone Report / CSV Audit / Shell Runner,ARCHIVE in research-history / Reference in thesis,High (Milestone Proofs & Phase Summaries),Phase Evidence,MEDIUM
PHASE7_TEST_INDEPENDENCE_AUDIT.md,N/A (Root Research Artifact),Root Milestone Report / CSV Audit / Shell Runner,ARCHIVE in research-history / Reference in thesis,High (Milestone Proofs & Phase Summaries),Phase Evidence,MEDIUM
PHASE8_BLOCK_ENCODING_AUDIT.md,N/A (Root Research Artifact),Root Milestone Report / CSV Audit / Shell Runner,ARCHIVE in research-history / Reference in thesis,High (Milestone Proofs & Phase Summaries),Phase Evidence,MEDIUM
PHASE8_BLOCK_ENCODING_RESULTS.csv,N/A (Root Research Artifact),Root Milestone Report / CSV Audit / Shell Runner,ARCHIVE in research-history / Reference in thesis,High (Milestone Proofs & Phase Summaries),Phase Evidence,MEDIUM
PHASE8_CARLEMAN_REPRODUCTION.csv,N/A (Root Research Artifact),Root Milestone Report / CSV Audit / Shell Runner,ARCHIVE in research-history / Reference in thesis,High (Milestone Proofs & Phase Summaries),Phase Evidence,MEDIUM
PHASE8_CARLEMAN_REPRODUCTION.md,N/A (Root Research Artifact),Root Milestone Report / CSV Audit / Shell Runner,ARCHIVE in research-history / Reference in thesis,High (Milestone Proofs & Phase Summaries),Phase Evidence,MEDIUM
PHASE8_CLAIM_AUDIT.md,N/A (Root Research Artifact),Root Milestone Report / CSV Audit / Shell Runner,ARCHIVE in research-history / Reference in thesis,High (Milestone Proofs & Phase Summaries),Phase Evidence,MEDIUM
PHASE8_CLASSICAL_REPRODUCTION.csv,N/A (Root Research Artifact),Root Milestone Report / CSV Audit / Shell Runner,ARCHIVE in research-history / Reference in thesis,High (Milestone Proofs & Phase Summaries),Phase Evidence,MEDIUM
PHASE8_CLASSICAL_REPRODUCTION.md,N/A (Root Research Artifact),Root Milestone Report / CSV Audit / Shell Runner,ARCHIVE in research-history / Reference in thesis,High (Milestone Proofs & Phase Summaries),Phase Evidence,MEDIUM
PHASE8_CONDITIONING_AUDIT.md,N/A (Root Research Artifact),Root Milestone Report / CSV Audit / Shell Runner,ARCHIVE in research-history / Reference in thesis,High (Milestone Proofs & Phase Summaries),Phase Evidence,MEDIUM
PHASE8_CONDITIONING_BOUNDARY.csv,N/A (Root Research Artifact),Root Milestone Report / CSV Audit / Shell Runner,ARCHIVE in research-history / Reference in thesis,High (Milestone Proofs & Phase Summaries),Phase Evidence,MEDIUM
PHASE8_EQUATION_AUDIT.md,N/A (Root Research Artifact),Root Milestone Report / CSV Audit / Shell Runner,ARCHIVE in research-history / Reference in thesis,High (Milestone Proofs & Phase Summaries),Phase Evidence,MEDIUM
PHASE8_FAULT_TOLERANT_RESOURCE_ESTIMATE.md,N/A (Root Research Artifact),Root Milestone Report / CSV Audit / Shell Runner,ARCHIVE in research-history / Reference in thesis,High (Milestone Proofs & Phase Summaries),Phase Evidence,MEDIUM
PHASE8_FIGURE_AUDIT.md,N/A (Root Research Artifact),Root Milestone Report / CSV Audit / Shell Runner,ARCHIVE in research-history / Reference in thesis,High (Milestone Proofs & Phase Summaries),Phase Evidence,MEDIUM
PHASE8_FINAL_ERROR_BUDGET.csv,N/A (Root Research Artifact),Root Milestone Report / CSV Audit / Shell Runner,ARCHIVE in research-history / Reference in thesis,High (Milestone Proofs & Phase Summaries),Phase Evidence,MEDIUM
PHASE8_FINAL_ERROR_BUDGET.md,N/A (Root Research Artifact),Root Milestone Report / CSV Audit / Shell Runner,ARCHIVE in research-history / Reference in thesis,High (Milestone Proofs & Phase Summaries),Phase Evidence,MEDIUM
PHASE8_FINAL_SCIENTIFIC_VERDICT.md,N/A (Root Research Artifact),Root Milestone Report / CSV Audit / Shell Runner,ARCHIVE in research-history / Reference in thesis,High (Milestone Proofs & Phase Summaries),Phase Evidence,MEDIUM
PHASE8_JOURNAL_REVIEW.md,N/A (Root Research Artifact),Root Milestone Report / CSV Audit / Shell Runner,ARCHIVE in research-history / Reference in thesis,High (Milestone Proofs & Phase Summaries),Phase Evidence,MEDIUM
PHASE8_MASTER_CLAIM_MATRIX.csv,N/A (Root Research Artifact),Root Milestone Report / CSV Audit / Shell Runner,ARCHIVE in research-history / Reference in thesis,High (Milestone Proofs & Phase Summaries),Phase Evidence,MEDIUM
PHASE8_PHASE7_FREEZE.md,N/A (Root Research Artifact),Root Milestone Report / CSV Audit / Shell Runner,ARCHIVE in research-history / Reference in thesis,High (Milestone Proofs & Phase Summaries),Phase Evidence,MEDIUM
PHASE8_PUBLICATION_PACKAGE.md,N/A (Root Research Artifact),Root Milestone Report / CSV Audit / Shell Runner,ARCHIVE in research-history / Reference in thesis,High (Milestone Proofs & Phase Summaries),Phase Evidence,MEDIUM
PHASE8_PUBLICATION_TABLES.md,N/A (Root Research Artifact),Root Milestone Report / CSV Audit / Shell Runner,ARCHIVE in research-history / Reference in thesis,High (Milestone Proofs & Phase Summaries),Phase Evidence,MEDIUM
PHASE8_QAE_READINESS.md,N/A (Root Research Artifact),Root Milestone Report / CSV Audit / Shell Runner,ARCHIVE in research-history / Reference in thesis,High (Milestone Proofs & Phase Summaries),Phase Evidence,MEDIUM
PHASE8_QSVT_REPRODUCTION.csv,N/A (Root Research Artifact),Root Milestone Report / CSV Audit / Shell Runner,ARCHIVE in research-history / Reference in thesis,High (Milestone Proofs & Phase Summaries),Phase Evidence,MEDIUM
PHASE8_QSVT_REPRODUCTION.md,N/A (Root Research Artifact),Root Milestone Report / CSV Audit / Shell Runner,ARCHIVE in research-history / Reference in thesis,High (Milestone Proofs & Phase Summaries),Phase Evidence,MEDIUM
PHASE8_QUANTUM_ADVANTAGE_AUDIT.md,N/A (Root Research Artifact),Root Milestone Report / CSV Audit / Shell Runner,ARCHIVE in research-history / Reference in thesis,High (Milestone Proofs & Phase Summaries),Phase Evidence,MEDIUM
PHASE8_RESOURCE_AUDIT.csv,N/A (Root Research Artifact),Root Milestone Report / CSV Audit / Shell Runner,ARCHIVE in research-history / Reference in thesis,High (Milestone Proofs & Phase Summaries),Phase Evidence,MEDIUM
PHASE8_RESOURCE_AUDIT.md,N/A (Root Research Artifact),Root Milestone Report / CSV Audit / Shell Runner,ARCHIVE in research-history / Reference in thesis,High (Milestone Proofs & Phase Summaries),Phase Evidence,MEDIUM
PHASE9_ACTUAL_QUANTUM_CIRCUITS.md,N/A (Root Research Artifact),Root Milestone Report / CSV Audit / Shell Runner,ARCHIVE in research-history / Reference in thesis,High (Milestone Proofs & Phase Summaries),Phase Evidence,MEDIUM
PHASE9_BLOCK_ENCODING_HARDWARE_AUDIT.md,N/A (Root Research Artifact),Root Milestone Report / CSV Audit / Shell Runner,ARCHIVE in research-history / Reference in thesis,High (Milestone Proofs & Phase Summaries),Phase Evidence,MEDIUM
PHASE9_CIRCUIT_INVENTORY.csv,N/A (Root Research Artifact),Root Milestone Report / CSV Audit / Shell Runner,ARCHIVE in research-history / Reference in thesis,High (Milestone Proofs & Phase Summaries),Phase Evidence,MEDIUM
PHASE9_DAM_BREAK_QUANTUM_STATUS.md,N/A (Root Research Artifact),Root Milestone Report / CSV Audit / Shell Runner,ARCHIVE in research-history / Reference in thesis,High (Milestone Proofs & Phase Summaries),Phase Evidence,MEDIUM
PHASE9_FINAL_SCIENTIFIC_REPORT.md,N/A (Root Research Artifact),Root Milestone Report / CSV Audit / Shell Runner,ARCHIVE in research-history / Reference in thesis,High (Milestone Proofs & Phase Summaries),Phase Evidence,MEDIUM
PHASE9_FINAL_VERDICT.md,N/A (Root Research Artifact),Root Milestone Report / CSV Audit / Shell Runner,ARCHIVE in research-history / Reference in thesis,High (Milestone Proofs & Phase Summaries),Phase Evidence,MEDIUM
PHASE9_HARDWARE_BACKEND_REPORT.md,N/A (Root Research Artifact),Root Milestone Report / CSV Audit / Shell Runner,ARCHIVE in research-history / Reference in thesis,High (Milestone Proofs & Phase Summaries),Phase Evidence,MEDIUM
PHASE9_HARDWARE_CLAIM_MATRIX.csv,N/A (Root Research Artifact),Root Milestone Report / CSV Audit / Shell Runner,ARCHIVE in research-history / Reference in thesis,High (Milestone Proofs & Phase Summaries),Phase Evidence,MEDIUM
PHASE9_HARDWARE_ENVIRONMENT.json,N/A (Root Research Artifact),Root Milestone Report / CSV Audit / Shell Runner,ARCHIVE in research-history / Reference in thesis,High (Milestone Proofs & Phase Summaries),Phase Evidence,MEDIUM
PHASE9_HARDWARE_FEASIBILITY_MATRIX.csv,N/A (Root Research Artifact),Root Milestone Report / CSV Audit / Shell Runner,ARCHIVE in research-history / Reference in thesis,High (Milestone Proofs & Phase Summaries),Phase Evidence,MEDIUM
PHASE9_QSVT_CIRCUIT_AUDIT.md,N/A (Root Research Artifact),Root Milestone Report / CSV Audit / Shell Runner,ARCHIVE in research-history / Reference in thesis,High (Milestone Proofs & Phase Summaries),Phase Evidence,MEDIUM
PHASE9_QUANTUM_CODE_INVENTORY.csv,N/A (Root Research Artifact),Root Milestone Report / CSV Audit / Shell Runner,ARCHIVE in research-history / Reference in thesis,High (Milestone Proofs & Phase Summaries),Phase Evidence,MEDIUM
PHASE9_QUANTUM_CODE_INVENTORY.md,N/A (Root Research Artifact),Root Milestone Report / CSV Audit / Shell Runner,ARCHIVE in research-history / Reference in thesis,High (Milestone Proofs & Phase Summaries),Phase Evidence,MEDIUM
PHASE9_QUANTUM_EXECUTION_LINEAGE.md,N/A (Root Research Artifact),Root Milestone Report / CSV Audit / Shell Runner,ARCHIVE in research-history / Reference in thesis,High (Milestone Proofs & Phase Summaries),Phase Evidence,MEDIUM
PHASE9_REAL_QPU_REPORT.md,N/A (Root Research Artifact),Root Milestone Report / CSV Audit / Shell Runner,ARCHIVE in research-history / Reference in thesis,High (Milestone Proofs & Phase Summaries),Phase Evidence,MEDIUM
PHASE9_REAL_QPU_RESULTS.csv,N/A (Root Research Artifact),Root Milestone Report / CSV Audit / Shell Runner,ARCHIVE in research-history / Reference in thesis,High (Milestone Proofs & Phase Summaries),Phase Evidence,MEDIUM
PHASE9_TRANSPILATION_ANALYSIS.md,N/A (Root Research Artifact),Root Milestone Report / CSV Audit / Shell Runner,ARCHIVE in research-history / Reference in thesis,High (Milestone Proofs & Phase Summaries),Phase Evidence,MEDIUM
PHASE9_TRANSPILATION_RESULTS.csv,N/A (Root Research Artifact),Root Milestone Report / CSV Audit / Shell Runner,ARCHIVE in research-history / Reference in thesis,High (Milestone Proofs & Phase Summaries),Phase Evidence,MEDIUM
POLYNOMIAL_CARLEMAN_FINAL_STATUS.md,N/A (Root Research Artifact),Root Milestone Report / CSV Audit / Shell Runner,ARCHIVE in research-history / Reference in thesis,High (Milestone Proofs & Phase Summaries),Phase Evidence,MEDIUM
POLYNOMIAL_COEFFICIENTS.md,N/A (Root Research Artifact),Root Milestone Report / CSV Audit / Shell Runner,ARCHIVE in research-history / Reference in thesis,High (Milestone Proofs & Phase Summaries),Phase Evidence,MEDIUM
POLYNOMIAL_FORMULATION.md,N/A (Root Research Artifact),Root Milestone Report / CSV Audit / Shell Runner,ARCHIVE in research-history / Reference in thesis,High (Milestone Proofs & Phase Summaries),Phase Evidence,MEDIUM
POLYNOMIAL_OPERATOR_AUDIT.md,N/A (Root Research Artifact),Root Milestone Report / CSV Audit / Shell Runner,ARCHIVE in research-history / Reference in thesis,High (Milestone Proofs & Phase Summaries),Phase Evidence,MEDIUM
PROJECT_FILE_INVENTORY.md,N/A (Root Research Artifact),Root Milestone Report / CSV Audit / Shell Runner,ARCHIVE in research-history / Reference in thesis,High (Milestone Proofs & Phase Summaries),Phase Evidence,MEDIUM
QSVT_LINEAR_SYSTEM_VALIDATION.csv,N/A (Root Research Artifact),Root Milestone Report / CSV Audit / Shell Runner,ARCHIVE in research-history / Reference in thesis,High (Milestone Proofs & Phase Summaries),Phase Evidence,MEDIUM
QSVT_MULTISTEP_ERROR_ANALYSIS.csv,N/A (Root Research Artifact),Root Milestone Report / CSV Audit / Shell Runner,ARCHIVE in research-history / Reference in thesis,High (Milestone Proofs & Phase Summaries),Phase Evidence,MEDIUM
QSVT_POLYNOMIAL_COEFFICIENTS.csv,N/A (Root Research Artifact),Root Milestone Report / CSV Audit / Shell Runner,ARCHIVE in research-history / Reference in thesis,High (Milestone Proofs & Phase Summaries),Phase Evidence,MEDIUM
QSVT_SINGULAR_VALUE_AUDIT.csv,N/A (Root Research Artifact),Root Milestone Report / CSV Audit / Shell Runner,ARCHIVE in research-history / Reference in thesis,High (Milestone Proofs & Phase Summaries),Phase Evidence,MEDIUM
QUANTUM_ADVANTAGE_SCOPE.md,N/A (Root Research Artifact),Root Milestone Report / CSV Audit / Shell Runner,ARCHIVE in research-history / Reference in thesis,High (Milestone Proofs & Phase Summaries),Phase Evidence,MEDIUM
QUANTUM_BLOCK_ENCODING_AUTHENTICITY_AUDIT.md,N/A (Root Research Artifact),Root Milestone Report / CSV Audit / Shell Runner,ARCHIVE in research-history / Reference in thesis,High (Milestone Proofs & Phase Summaries),Phase Evidence,MEDIUM
QUANTUM_CARLEMAN_HANDOFF.md,N/A (Root Research Artifact),Root Milestone Report / CSV Audit / Shell Runner,ARCHIVE in research-history / Reference in thesis,High (Milestone Proofs & Phase Summaries),Phase Evidence,MEDIUM
QUANTUM_EXECUTION_STATUS.md,N/A (Root Research Artifact),Root Milestone Report / CSV Audit / Shell Runner,ARCHIVE in research-history / Reference in thesis,High (Milestone Proofs & Phase Summaries),Phase Evidence,MEDIUM
QUANTUM_PADDING_SPECIFICATION.md,N/A (Root Research Artifact),Root Milestone Report / CSV Audit / Shell Runner,ARCHIVE in research-history / Reference in thesis,High (Milestone Proofs & Phase Summaries),Phase Evidence,MEDIUM
QUANTUM_REGISTER_SPECIFICATION.md,N/A (Root Research Artifact),Root Milestone Report / CSV Audit / Shell Runner,ARCHIVE in research-history / Reference in thesis,High (Milestone Proofs & Phase Summaries),Phase Evidence,MEDIUM
README.md,README.md,Modified / Enhanced in NEW,KEEP NEW (Production Corrected),High (Production Corrected),Verified in NEW,LOW
RECIPROCAL_DENSITY_CLOSURE_AUDIT.md,N/A (Root Research Artifact),Root Milestone Report / CSV Audit / Shell Runner,ARCHIVE in research-history / Reference in thesis,High (Milestone Proofs & Phase Summaries),Phase Evidence,MEDIUM
SCIENTIFIC_CONTRADICTION_AUDIT.md,N/A (Root Research Artifact),Root Milestone Report / CSV Audit / Shell Runner,ARCHIVE in research-history / Reference in thesis,High (Milestone Proofs & Phase Summaries),Phase Evidence,MEDIUM
STAGE7_ADVERSARIAL_AUDIT.md,N/A (Root Research Artifact),Root Milestone Report / CSV Audit / Shell Runner,ARCHIVE in research-history / Reference in thesis,High (Milestone Proofs & Phase Summaries),Phase Evidence,MEDIUM
STAGE7_CLAIM_MATRIX.csv,N/A (Root Research Artifact),Root Milestone Report / CSV Audit / Shell Runner,ARCHIVE in research-history / Reference in thesis,High (Milestone Proofs & Phase Summaries),Phase Evidence,MEDIUM
STAGE7_FAILURES.md,N/A (Root Research Artifact),Root Milestone Report / CSV Audit / Shell Runner,ARCHIVE in research-history / Reference in thesis,High (Milestone Proofs & Phase Summaries),Phase Evidence,MEDIUM
STAGE7_FINAL_VERDICT.md,N/A (Root Research Artifact),Root Milestone Report / CSV Audit / Shell Runner,ARCHIVE in research-history / Reference in thesis,High (Milestone Proofs & Phase Summaries),Phase Evidence,MEDIUM
STAGE7_REPRODUCIBILITY_RESULTS.csv,N/A (Root Research Artifact),Root Milestone Report / CSV Audit / Shell Runner,ARCHIVE in research-history / Reference in thesis,High (Milestone Proofs & Phase Summaries),Phase Evidence,MEDIUM
STAGE7_RESOURCE_CLASSIFICATION.md,N/A (Root Research Artifact),Root Milestone Report / CSV Audit / Shell Runner,ARCHIVE in research-history / Reference in thesis,High (Milestone Proofs & Phase Summaries),Phase Evidence,MEDIUM
STATE_VECTOR_SPECIFICATION.md,N/A (Root Research Artifact),Root Milestone Report / CSV Audit / Shell Runner,ARCHIVE in research-history / Reference in thesis,High (Milestone Proofs & Phase Summaries),Phase Evidence,MEDIUM
STATUS.md,N/A (Root Research Artifact),Root Milestone Report / CSV Audit / Shell Runner,ARCHIVE in research-history / Reference in thesis,High (Milestone Proofs & Phase Summaries),Phase Evidence,MEDIUM
STREAMING_OPERATOR_AUDIT.md,N/A (Root Research Artifact),Root Milestone Report / CSV Audit / Shell Runner,ARCHIVE in research-history / Reference in thesis,High (Milestone Proofs & Phase Summaries),Phase Evidence,MEDIUM
STREAMING_QUANTUM_ORACLE.md,N/A (Root Research Artifact),Root Milestone Report / CSV Audit / Shell Runner,ARCHIVE in research-history / Reference in thesis,High (Milestone Proofs & Phase Summaries),Phase Evidence,MEDIUM
TWO_PHASE_QUANTUM_REGISTER_AUDIT.md,N/A (Root Research Artifact),Root Milestone Report / CSV Audit / Shell Runner,ARCHIVE in research-history / Reference in thesis,High (Milestone Proofs & Phase Summaries),Phase Evidence,MEDIUM
VARIABLE_DENSITY_CLOSURE_LIMITATIONS.md,N/A (Root Research Artifact),Root Milestone Report / CSV Audit / Shell Runner,ARCHIVE in research-history / Reference in thesis,High (Milestone Proofs & Phase Summaries),Phase Evidence,MEDIUM
backends/aer_backend.py,backends/aer_backend.py,Identical,KEEP NEW,Core Production Baseline,Verified,LOW
backends/fake_ibm_backend.py,backends/fake_ibm_backend.py,Identical,KEEP NEW,Core Production Baseline,Verified,LOW
backends/ibm_backend.py,N/A (Root Research Artifact),Root Milestone Report / CSV Audit / Shell Runner,ARCHIVE in research-history / Reference in thesis,High (Milestone Proofs & Phase Summaries),Phase Evidence,MEDIUM
backends/select_backend.py,backends/select_backend.py,Identical,KEEP NEW,Core Production Baseline,Verified,LOW
baseline/classical_validated/CLASSICAL_STAGE_AUDIT.md,N/A (Root Research Artifact),Root Milestone Report / CSV Audit / Shell Runner,ARCHIVE in research-history / Reference in thesis,High (Milestone Proofs & Phase Summaries),Phase Evidence,MEDIUM
baseline/classical_validated/FINAL_THESIS_QLBM_REPORT.md,N/A (Root Research Artifact),Root Milestone Report / CSV Audit / Shell Runner,ARCHIVE in research-history / Reference in thesis,High (Milestone Proofs & Phase Summaries),Phase Evidence,MEDIUM
baseline/classical_validated/INDEPENDENT_AUDIT.md,N/A (Root Research Artifact),Root Milestone Report / CSV Audit / Shell Runner,ARCHIVE in research-history / Reference in thesis,High (Milestone Proofs & Phase Summaries),Phase Evidence,MEDIUM
baseline/classical_validated/LEVEL_1_2_VALIDATION_REPORT.md,N/A (Root Research Artifact),Root Milestone Report / CSV Audit / Shell Runner,ARCHIVE in research-history / Reference in thesis,High (Milestone Proofs & Phase Summaries),Phase Evidence,MEDIUM
baseline/classical_validated/LEVEL_3_4_MATRIX_REPORT.md,N/A (Root Research Artifact),Root Milestone Report / CSV Audit / Shell Runner,ARCHIVE in research-history / Reference in thesis,High (Milestone Proofs & Phase Summaries),Phase Evidence,MEDIUM
baseline/classical_validated/LEVEL_5_6_7_QUANTUM_REPORT.md,N/A (Root Research Artifact),Root Milestone Report / CSV Audit / Shell Runner,ARCHIVE in research-history / Reference in thesis,High (Milestone Proofs & Phase Summaries),Phase Evidence,MEDIUM
baseline/classical_validated/README.md,N/A (Root Research Artifact),Root Milestone Report / CSV Audit / Shell Runner,ARCHIVE in research-history / Reference in thesis,High (Milestone Proofs & Phase Summaries),Phase Evidence,MEDIUM
baseline/classical_validated/classical_two_phase_validation.md,N/A (Root Research Artifact),Root Milestone Report / CSV Audit / Shell Runner,ARCHIVE in research-history / Reference in thesis,High (Milestone Proofs & Phase Summaries),Phase Evidence,MEDIUM
baseline/classical_validated/dam_break_sim.py,N/A (Root Research Artifact),Root Milestone Report / CSV Audit / Shell Runner,ARCHIVE in research-history / Reference in thesis,High (Milestone Proofs & Phase Summaries),Phase Evidence,MEDIUM
baseline/classical_validated/forcing.py,N/A (Root Research Artifact),Root Milestone Report / CSV Audit / Shell Runner,ARCHIVE in research-history / Reference in thesis,High (Milestone Proofs & Phase Summaries),Phase Evidence,MEDIUM
baseline/classical_validated/matrix_two_phase_lbm.py,N/A (Root Research Artifact),Root Milestone Report / CSV Audit / Shell Runner,ARCHIVE in research-history / Reference in thesis,High (Milestone Proofs & Phase Summaries),Phase Evidence,MEDIUM
baseline/classical_validated/parameter_sensitivity_study.md,N/A (Root Research Artifact),Root Milestone Report / CSV Audit / Shell Runner,ARCHIVE in research-history / Reference in thesis,High (Milestone Proofs & Phase Summaries),Phase Evidence,MEDIUM
baseline/classical_validated/phase_field.py,N/A (Root Research Artifact),Root Milestone Report / CSV Audit / Shell Runner,ARCHIVE in research-history / Reference in thesis,High (Milestone Proofs & Phase Summaries),Phase Evidence,MEDIUM
baseline/classical_validated/run_and_validate.py,N/A (Root Research Artifact),Root Milestone Report / CSV Audit / Shell Runner,ARCHIVE in research-history / Reference in thesis,High (Milestone Proofs & Phase Summaries),Phase Evidence,MEDIUM
baseline/classical_validated/two_phase_lbm.py,N/A (Root Research Artifact),Root Milestone Report / CSV Audit / Shell Runner,ARCHIVE in research-history / Reference in thesis,High (Milestone Proofs & Phase Summaries),Phase Evidence,MEDIUM
baseline/classical_validated/two_phase_physics.py,N/A (Root Research Artifact),Root Milestone Report / CSV Audit / Shell Runner,ARCHIVE in research-history / Reference in thesis,High (Milestone Proofs & Phase Summaries),Phase Evidence,MEDIUM
baseline/classical_validated/verify_matrix_equivalence.py,N/A (Root Research Artifact),Root Milestone Report / CSV Audit / Shell Runner,ARCHIVE in research-history / Reference in thesis,High (Milestone Proofs & Phase Summaries),Phase Evidence,MEDIUM
carleman/linearize.py,quantum/two_phase_carleman.py & quantum/carleman_quantum.py,Early Carleman Truncation & Linearization Package,ARCHIVE in research-history,Subsumed in quantum/carleman_quantum.py,Superseded,LOW
carleman/operator.py,quantum/two_phase_carleman.py & quantum/carleman_quantum.py,Early Carleman Truncation & Linearization Package,ARCHIVE in research-history,Subsumed in quantum/carleman_quantum.py,Superseded,LOW
carleman/truncation.py,quantum/two_phase_carleman.py & quantum/carleman_quantum.py,Early Carleman Truncation & Linearization Package,ARCHIVE in research-history,Subsumed in quantum/carleman_quantum.py,Superseded,LOW
carleman/validation.py,quantum/two_phase_carleman.py & quantum/carleman_quantum.py,Early Carleman Truncation & Linearization Package,ARCHIVE in research-history,Subsumed in quantum/carleman_quantum.py,Superseded,LOW
classical/baseline_v0_simplified/dam_break_sim.py,classical/reference_solver.py,Subsumed into classical/reference_solver.py and two_phase.py,ARCHIVE in research-history,Historical Development,Superseded by verified reference_solver,LOW
classical/baseline_v0_simplified/matrix_two_phase_lbm.py,classical/reference_solver.py,Subsumed into classical/reference_solver.py and two_phase.py,ARCHIVE in research-history,Historical Development,Superseded by verified reference_solver,LOW
classical/baseline_v0_simplified/run_and_validate.py,N/A,OLD-only Classical Script,ARCHIVE in research-history,Historical Testing,Historical,LOW
classical/baseline_v0_simplified/two_phase_lbm.py,classical/reference_solver.py,Subsumed into classical/reference_solver.py and two_phase.py,ARCHIVE in research-history,Historical Development,Superseded by verified reference_solver,LOW
classical/baseline_v0_simplified/verify_matrix_equivalence.py,N/A,OLD-only Classical Script,ARCHIVE in research-history,Historical Testing,Historical,LOW
classical/boundary.py,classical/boundary.py,Identical,KEEP NEW,Core Production Baseline,Verified,LOW
classical/collision.py,classical/reference_solver.py,Subsumed into classical/reference_solver.py and two_phase.py,ARCHIVE in research-history,Historical Development,Superseded by verified reference_solver,LOW
classical/d2q9.py,classical/d2q9.py,Identical,KEEP NEW,Core Production Baseline,Verified,LOW
classical/dam_break_sim.py,classical/reference_solver.py,Subsumed into classical/reference_solver.py and two_phase.py,ARCHIVE in research-history,Historical Development,Superseded by verified reference_solver,LOW
classical/dambreak.py,N/A,OLD-only Classical Script,ARCHIVE in research-history,Historical Testing,Historical,LOW
classical/equilibrium.py,classical/equilibrium.py,Modified / Enhanced in NEW,KEEP NEW (Production Corrected),High (Production Corrected),Verified in NEW,LOW
classical/forcing.py,classical/reference_solver.py,Subsumed into classical/reference_solver.py and two_phase.py,ARCHIVE in research-history,Historical Development,Superseded by verified reference_solver,LOW
classical/matrix_two_phase_lbm.py,classical/reference_solver.py,Subsumed into classical/reference_solver.py and two_phase.py,ARCHIVE in research-history,Historical Development,Superseded by verified reference_solver,LOW
classical/phase_field.py,classical/reference_solver.py,Subsumed into classical/reference_solver.py and two_phase.py,ARCHIVE in research-history,Historical Development,Superseded by verified reference_solver,LOW
classical/reference_solver.py,classical/reference_solver.py,Modified / Enhanced in NEW,KEEP NEW (Production Corrected),High (Production Corrected),Verified in NEW,LOW
classical/run_and_validate.py,N/A,OLD-only Classical Script,ARCHIVE in research-history,Historical Testing,Historical,LOW
classical/streaming.py,classical/streaming.py,Identical,KEEP NEW,Core Production Baseline,Verified,LOW
classical/two_phase.py,classical/two_phase.py,Identical,KEEP NEW,Core Production Baseline,Verified,LOW
classical/two_phase_lbm.py,classical/reference_solver.py,Subsumed into classical/reference_solver.py and two_phase.py,ARCHIVE in research-history,Historical Development,Superseded by verified reference_solver,LOW
classical/two_phase_physics.py,classical/reference_solver.py,Subsumed into classical/reference_solver.py and two_phase.py,ARCHIVE in research-history,Historical Development,Superseded by verified reference_solver,LOW
classical/verify_matrix_equivalence.py,N/A,OLD-only Classical Script,ARCHIVE in research-history,Historical Testing,Historical,LOW
docs/DAM_BREAK_BENCHMARK.md,N/A (Historical Documentation),"Research Reports, Figures, and Verification Audits",ARCHIVE in research-history / Reference in docs/,High (Thesis Evidence & Forensic Audits),Historical Phase Evidence,MEDIUM
docs/TWO_PHASE_EQUATIONS.md,N/A (Historical Documentation),"Research Reports, Figures, and Verification Audits",ARCHIVE in research-history / Reference in docs/,High (Thesis Evidence & Forensic Audits),Historical Phase Evidence,MEDIUM
environment.yml,N/A (Root Research Artifact),Root Milestone Report / CSV Audit / Shell Runner,ARCHIVE in research-history / Reference in thesis,High (Milestone Proofs & Phase Summaries),Phase Evidence,MEDIUM
environment_report.json,N/A (Root Research Artifact),Root Milestone Report / CSV Audit / Shell Runner,ARCHIVE in research-history / Reference in thesis,High (Milestone Proofs & Phase Summaries),Phase Evidence,MEDIUM
equations/QUANTUM_STATE_ENCODING.md,N/A (Root Research Artifact),Root Milestone Report / CSV Audit / Shell Runner,ARCHIVE in research-history / Reference in thesis,High (Milestone Proofs & Phase Summaries),Phase Evidence,MEDIUM
equations/classical_lbm.md,N/A (Root Research Artifact),Root Milestone Report / CSV Audit / Shell Runner,ARCHIVE in research-history / Reference in thesis,High (Milestone Proofs & Phase Summaries),Phase Evidence,MEDIUM
equations/dam_break.md,N/A (Root Research Artifact),Root Milestone Report / CSV Audit / Shell Runner,ARCHIVE in research-history / Reference in thesis,High (Milestone Proofs & Phase Summaries),Phase Evidence,MEDIUM
equations/discrete_two_phase_lbm.md,N/A (Root Research Artifact),Root Milestone Report / CSV Audit / Shell Runner,ARCHIVE in research-history / Reference in thesis,High (Milestone Proofs & Phase Summaries),Phase Evidence,MEDIUM
equations/phase_field.md,N/A (Root Research Artifact),Root Milestone Report / CSV Audit / Shell Runner,ARCHIVE in research-history / Reference in thesis,High (Milestone Proofs & Phase Summaries),Phase Evidence,MEDIUM
equations/qlbm.md,N/A (Root Research Artifact),Root Milestone Report / CSV Audit / Shell Runner,ARCHIVE in research-history / Reference in thesis,High (Milestone Proofs & Phase Summaries),Phase Evidence,MEDIUM
equations/two_phase_model.md,N/A (Root Research Artifact),Root Milestone Report / CSV Audit / Shell Runner,ARCHIVE in research-history / Reference in thesis,High (Milestone Proofs & Phase Summaries),Phase Evidence,MEDIUM
equations/two_phase_physics_complete.md,N/A (Root Research Artifact),Root Milestone Report / CSV Audit / Shell Runner,ARCHIVE in research-history / Reference in thesis,High (Milestone Proofs & Phase Summaries),Phase Evidence,MEDIUM
knowledge/MASTER_SYNTHESIS_TWO_PHASE_QLBM.md,N/A (Root Research Artifact),Root Milestone Report / CSV Audit / Shell Runner,ARCHIVE in research-history / Reference in thesis,High (Milestone Proofs & Phase Summaries),Phase Evidence,MEDIUM
knowledge/SELECTED_TWO_PHASE_FORMULATION.md,N/A (Root Research Artifact),Root Milestone Report / CSV Audit / Shell Runner,ARCHIVE in research-history / Reference in thesis,High (Milestone Proofs & Phase Summaries),Phase Evidence,MEDIUM
knowledge/paper_01_jennings2025_psiquantum_airbus.md,N/A (Root Research Artifact),Root Milestone Report / CSV Audit / Shell Runner,ARCHIVE in research-history / Reference in thesis,High (Milestone Proofs & Phase Summaries),Phase Evidence,MEDIUM
knowledge/paper_02_ueno2026_qunasys_carleman_obstacle.md,N/A (Root Research Artifact),Root Milestone Report / CSV Audit / Shell Runner,ARCHIVE in research-history / Reference in thesis,High (Milestone Proofs & Phase Summaries),Phase Evidence,MEDIUM
knowledge/paper_03_xiao2026_fractional_step_qlbm.md,N/A (Root Research Artifact),Root Milestone Report / CSV Audit / Shell Runner,ARCHIVE in research-history / Reference in thesis,High (Milestone Proofs & Phase Summaries),Phase Evidence,MEDIUM
knowledge/paper_04_lacatus2025_surrogate_circuits_bgk.md,N/A (Root Research Artifact),Root Milestone Report / CSV Audit / Shell Runner,ARCHIVE in research-history / Reference in thesis,High (Milestone Proofs & Phase Summaries),Phase Evidence,MEDIUM
knowledge/paper_05_nagel2025_dlr_advection_diffusion_multistep.md,N/A (Root Research Artifact),Root Milestone Report / CSV Audit / Shell Runner,ARCHIVE in research-history / Reference in thesis,High (Milestone Proofs & Phase Summaries),Phase Evidence,MEDIUM
mappings/BLOCK_ENCODING_DESIGN.md,N/A (Root Research Artifact),Root Milestone Report / CSV Audit / Shell Runner,ARCHIVE in research-history / Reference in thesis,High (Milestone Proofs & Phase Summaries),Phase Evidence,MEDIUM
mappings/COMPLETE_POLYNOMIAL_DEGREE_AUDIT.md,N/A (Root Research Artifact),Root Milestone Report / CSV Audit / Shell Runner,ARCHIVE in research-history / Reference in thesis,High (Milestone Proofs & Phase Summaries),Phase Evidence,MEDIUM
mappings/NONLINEARITY_AUDIT.md,N/A (Root Research Artifact),Root Milestone Report / CSV Audit / Shell Runner,ARCHIVE in research-history / Reference in thesis,High (Milestone Proofs & Phase Summaries),Phase Evidence,MEDIUM
mappings/carleman.md,N/A (Root Research Artifact),Root Milestone Report / CSV Audit / Shell Runner,ARCHIVE in research-history / Reference in thesis,High (Milestone Proofs & Phase Summaries),Phase Evidence,MEDIUM
mappings/classical_to_matrix.md,N/A (Root Research Artifact),Root Milestone Report / CSV Audit / Shell Runner,ARCHIVE in research-history / Reference in thesis,High (Milestone Proofs & Phase Summaries),Phase Evidence,MEDIUM
mappings/nonlinear_terms.md,N/A (Root Research Artifact),Root Milestone Report / CSV Audit / Shell Runner,ARCHIVE in research-history / Reference in thesis,High (Milestone Proofs & Phase Summaries),Phase Evidence,MEDIUM
mappings/quantum_encoding.md,N/A (Root Research Artifact),Root Milestone Report / CSV Audit / Shell Runner,ARCHIVE in research-history / Reference in thesis,High (Milestone Proofs & Phase Summaries),Phase Evidence,MEDIUM
papers/2507.12256v2_copy.pdf,N/A (Root Research Artifact),Root Milestone Report / CSV Audit / Shell Runner,ARCHIVE in research-history / Reference in thesis,High (Milestone Proofs & Phase Summaries),Phase Evidence,MEDIUM
papers/2510.05965v1_copy.pdf,N/A (Root Research Artifact),Root Milestone Report / CSV Audit / Shell Runner,ARCHIVE in research-history / Reference in thesis,High (Milestone Proofs & Phase Summaries),Phase Evidence,MEDIUM
papers/2512.05781v1_copy.pdf,N/A (Root Research Artifact),Root Milestone Report / CSV Audit / Shell Runner,ARCHIVE in research-history / Reference in thesis,High (Milestone Proofs & Phase Summaries),Phase Evidence,MEDIUM
papers/2603.00558v1_copy.pdf,N/A (Root Research Artifact),Root Milestone Report / CSV Audit / Shell Runner,ARCHIVE in research-history / Reference in thesis,High (Milestone Proofs & Phase Summaries),Phase Evidence,MEDIUM
papers/2605.28135v1_copy.pdf,N/A (Root Research Artifact),Root Milestone Report / CSV Audit / Shell Runner,ARCHIVE in research-history / Reference in thesis,High (Milestone Proofs & Phase Summaries),Phase Evidence,MEDIUM
papers/quantum/jennings2025_psiquantum_airbus_nontrivial_flows.pdf,N/A (Root Research Artifact),Root Milestone Report / CSV Audit / Shell Runner,ARCHIVE in research-history / Reference in thesis,High (Milestone Proofs & Phase Summaries),Phase Evidence,MEDIUM
papers/quantum/lacatus2025_surrogate_quantum_circuits_bgk.pdf,N/A (Root Research Artifact),Root Milestone Report / CSV Audit / Shell Runner,ARCHIVE in research-history / Reference in thesis,High (Milestone Proofs & Phase Summaries),Phase Evidence,MEDIUM
papers/quantum/nagel2025_dlr_advection_diffusion_multistep.pdf,N/A (Root Research Artifact),Root Milestone Report / CSV Audit / Shell Runner,ARCHIVE in research-history / Reference in thesis,High (Milestone Proofs & Phase Summaries),Phase Evidence,MEDIUM
papers/quantum/ueno2026_qunasys_carleman_obstacle_flow.pdf,N/A (Root Research Artifact),Root Milestone Report / CSV Audit / Shell Runner,ARCHIVE in research-history / Reference in thesis,High (Milestone Proofs & Phase Summaries),Phase Evidence,MEDIUM
papers/quantum/xiao2026_fractional_step_qlbm.pdf,N/A (Root Research Artifact),Root Milestone Report / CSV Audit / Shell Runner,ARCHIVE in research-history / Reference in thesis,High (Milestone Proofs & Phase Summaries),Phase Evidence,MEDIUM
phase10_final_status.json,N/A (Root Research Artifact),Root Milestone Report / CSV Audit / Shell Runner,ARCHIVE in research-history / Reference in thesis,High (Milestone Proofs & Phase Summaries),Phase Evidence,MEDIUM
phase11_baseline_hashes.json,N/A (Root Research Artifact),Root Milestone Report / CSV Audit / Shell Runner,ARCHIVE in research-history / Reference in thesis,High (Milestone Proofs & Phase Summaries),Phase Evidence,MEDIUM
phase11_final_status.json,N/A (Root Research Artifact),Root Milestone Report / CSV Audit / Shell Runner,ARCHIVE in research-history / Reference in thesis,High (Milestone Proofs & Phase Summaries),Phase Evidence,MEDIUM
phase12_baseline_hashes.json,N/A (Root Research Artifact),Root Milestone Report / CSV Audit / Shell Runner,ARCHIVE in research-history / Reference in thesis,High (Milestone Proofs & Phase Summaries),Phase Evidence,MEDIUM
phase12_final_status.json,N/A (Root Research Artifact),Root Milestone Report / CSV Audit / Shell Runner,ARCHIVE in research-history / Reference in thesis,High (Milestone Proofs & Phase Summaries),Phase Evidence,MEDIUM
phase13_baseline_hashes.json,N/A (Root Research Artifact),Root Milestone Report / CSV Audit / Shell Runner,ARCHIVE in research-history / Reference in thesis,High (Milestone Proofs & Phase Summaries),Phase Evidence,MEDIUM
phase13_final_status.json,N/A (Root Research Artifact),Root Milestone Report / CSV Audit / Shell Runner,ARCHIVE in research-history / Reference in thesis,High (Milestone Proofs & Phase Summaries),Phase Evidence,MEDIUM
phase14_baseline_hashes.json,N/A (Root Research Artifact),Root Milestone Report / CSV Audit / Shell Runner,ARCHIVE in research-history / Reference in thesis,High (Milestone Proofs & Phase Summaries),Phase Evidence,MEDIUM
phase14_final_status.json,N/A (Root Research Artifact),Root Milestone Report / CSV Audit / Shell Runner,ARCHIVE in research-history / Reference in thesis,High (Milestone Proofs & Phase Summaries),Phase Evidence,MEDIUM
phase15_baseline_hashes.json,N/A (Root Research Artifact),Root Milestone Report / CSV Audit / Shell Runner,ARCHIVE in research-history / Reference in thesis,High (Milestone Proofs & Phase Summaries),Phase Evidence,MEDIUM
phase15_final_status.json,N/A (Root Research Artifact),Root Milestone Report / CSV Audit / Shell Runner,ARCHIVE in research-history / Reference in thesis,High (Milestone Proofs & Phase Summaries),Phase Evidence,MEDIUM
phase5_final_status.json,N/A (Root Research Artifact),Root Milestone Report / CSV Audit / Shell Runner,ARCHIVE in research-history / Reference in thesis,High (Milestone Proofs & Phase Summaries),Phase Evidence,MEDIUM
phase6_baseline_environment.json,N/A (Root Research Artifact),Root Milestone Report / CSV Audit / Shell Runner,ARCHIVE in research-history / Reference in thesis,High (Milestone Proofs & Phase Summaries),Phase Evidence,MEDIUM
phase6_final_status.json,N/A (Root Research Artifact),Root Milestone Report / CSV Audit / Shell Runner,ARCHIVE in research-history / Reference in thesis,High (Milestone Proofs & Phase Summaries),Phase Evidence,MEDIUM
phase7_final_status.json,N/A (Root Research Artifact),Root Milestone Report / CSV Audit / Shell Runner,ARCHIVE in research-history / Reference in thesis,High (Milestone Proofs & Phase Summaries),Phase Evidence,MEDIUM
phase8_baseline_hashes.json,N/A (Root Research Artifact),Root Milestone Report / CSV Audit / Shell Runner,ARCHIVE in research-history / Reference in thesis,High (Milestone Proofs & Phase Summaries),Phase Evidence,MEDIUM
phase8_final_status.json,N/A (Root Research Artifact),Root Milestone Report / CSV Audit / Shell Runner,ARCHIVE in research-history / Reference in thesis,High (Milestone Proofs & Phase Summaries),Phase Evidence,MEDIUM
polynomial_carleman_audit.json,N/A (Root Research Artifact),Root Milestone Report / CSV Audit / Shell Runner,ARCHIVE in research-history / Reference in thesis,High (Milestone Proofs & Phase Summaries),Phase Evidence,MEDIUM
publication_figures/phase10/fig01_ideal_noisy_hardware_probs.png,N/A (Historical Documentation),"Research Reports, Figures, and Verification Audits",ARCHIVE in research-history / Reference in docs/,High (Thesis Evidence & Forensic Audits),Historical Phase Evidence,MEDIUM
publication_figures/phase10/fig02_hardware_fidelity_by_circuit.png,N/A (Historical Documentation),"Research Reports, Figures, and Verification Audits",ARCHIVE in research-history / Reference in docs/,High (Thesis Evidence & Forensic Audits),Historical Phase Evidence,MEDIUM
publication_figures/phase10/fig03_hardware_error_vs_depth.png,N/A (Historical Documentation),"Research Reports, Figures, and Verification Audits",ARCHIVE in research-history / Reference in docs/,High (Thesis Evidence & Forensic Audits),Historical Phase Evidence,MEDIUM
publication_figures/phase10/fig04_hardware_error_vs_cx_count.png,N/A (Historical Documentation),"Research Reports, Figures, and Verification Audits",ARCHIVE in research-history / Reference in docs/,High (Thesis Evidence & Forensic Audits),Historical Phase Evidence,MEDIUM
publication_figures/phase10/fig05_qsvt_observable_comparison.png,N/A (Historical Documentation),"Research Reports, Figures, and Verification Audits",ARCHIVE in research-history / Reference in docs/,High (Thesis Evidence & Forensic Audits),Historical Phase Evidence,MEDIUM
publication_figures/phase10/fig06_shot_count_convergence.png,N/A (Historical Documentation),"Research Reports, Figures, and Verification Audits",ARCHIVE in research-history / Reference in docs/,High (Thesis Evidence & Forensic Audits),Historical Phase Evidence,MEDIUM
publication_figures/phase10/fig07_transpilation_overhead.png,N/A (Historical Documentation),"Research Reports, Figures, and Verification Audits",ARCHIVE in research-history / Reference in docs/,High (Thesis Evidence & Forensic Audits),Historical Phase Evidence,MEDIUM
publication_figures/phase10/fig08_hardware_vs_classical_reference.png,N/A (Historical Documentation),"Research Reports, Figures, and Verification Audits",ARCHIVE in research-history / Reference in docs/,High (Thesis Evidence & Forensic Audits),Historical Phase Evidence,MEDIUM
publication_figures/phase11/fig01_dense_vs_structured_cx.png,N/A (Historical Documentation),"Research Reports, Figures, and Verification Audits",ARCHIVE in research-history / Reference in docs/,High (Thesis Evidence & Forensic Audits),Historical Phase Evidence,MEDIUM
publication_figures/phase11/fig02_dense_vs_structured_depth.png,N/A (Historical Documentation),"Research Reports, Figures, and Verification Audits",ARCHIVE in research-history / Reference in docs/,High (Thesis Evidence & Forensic Audits),Historical Phase Evidence,MEDIUM
publication_figures/phase11/fig03_streaming_oracle_scaling.png,N/A (Historical Documentation),"Research Reports, Figures, and Verification Audits",ARCHIVE in research-history / Reference in docs/,High (Thesis Evidence & Forensic Audits),Historical Phase Evidence,MEDIUM
publication_figures/phase11/fig04_collision_oracle_scaling.png,N/A (Historical Documentation),"Research Reports, Figures, and Verification Audits",ARCHIVE in research-history / Reference in docs/,High (Thesis Evidence & Forensic Audits),Historical Phase Evidence,MEDIUM
publication_figures/phase11/fig05_qsvt_structured_residual.png,N/A (Historical Documentation),"Research Reports, Figures, and Verification Audits",ARCHIVE in research-history / Reference in docs/,High (Thesis Evidence & Forensic Audits),Historical Phase Evidence,MEDIUM
publication_figures/phase11/fig06_ideal_vs_noisy_fidelity.png,N/A (Historical Documentation),"Research Reports, Figures, and Verification Audits",ARCHIVE in research-history / Reference in docs/,High (Thesis Evidence & Forensic Audits),Historical Phase Evidence,MEDIUM
publication_figures/phase11/fig07_ideal_vs_hardware_fidelity.png,N/A (Historical Documentation),"Research Reports, Figures, and Verification Audits",ARCHIVE in research-history / Reference in docs/,High (Thesis Evidence & Forensic Audits),Historical Phase Evidence,MEDIUM
publication_figures/phase11/fig08_hardware_observable_error.png,N/A (Historical Documentation),"Research Reports, Figures, and Verification Audits",ARCHIVE in research-history / Reference in docs/,High (Thesis Evidence & Forensic Audits),Historical Phase Evidence,MEDIUM
publication_figures/phase11/fig09_shot_noise_scaling.png,N/A (Historical Documentation),"Research Reports, Figures, and Verification Audits",ARCHIVE in research-history / Reference in docs/,High (Thesis Evidence & Forensic Audits),Historical Phase Evidence,MEDIUM
publication_figures/phase11/fig10_state_preparation_cost.png,N/A (Historical Documentation),"Research Reports, Figures, and Verification Audits",ARCHIVE in research-history / Reference in docs/,High (Thesis Evidence & Forensic Audits),Historical Phase Evidence,MEDIUM
publication_figures/phase11/fig11_quantum_resource_scaling.png,N/A (Historical Documentation),"Research Reports, Figures, and Verification Audits",ARCHIVE in research-history / Reference in docs/,High (Thesis Evidence & Forensic Audits),Historical Phase Evidence,MEDIUM
publication_figures/phase11/fig12_classical_vs_quantum_resources.png,N/A (Historical Documentation),"Research Reports, Figures, and Verification Audits",ARCHIVE in research-history / Reference in docs/,High (Thesis Evidence & Forensic Audits),Historical Phase Evidence,MEDIUM
publication_figures/phase12/fig01_classical_lbm_reference.png,N/A (Historical Documentation),"Research Reports, Figures, and Verification Audits",ARCHIVE in research-history / Reference in docs/,High (Thesis Evidence & Forensic Audits),Historical Phase Evidence,MEDIUM
publication_figures/phase12/fig02_ideal_noisy_hardware_probs.png,N/A (Historical Documentation),"Research Reports, Figures, and Verification Audits",ARCHIVE in research-history / Reference in docs/,High (Thesis Evidence & Forensic Audits),Historical Phase Evidence,MEDIUM
publication_figures/phase12/fig03_hardware_vs_classical_density.png,N/A (Historical Documentation),"Research Reports, Figures, and Verification Audits",ARCHIVE in research-history / Reference in docs/,High (Thesis Evidence & Forensic Audits),Historical Phase Evidence,MEDIUM
publication_figures/phase12/fig04_fidelity_comparison.png,N/A (Historical Documentation),"Research Reports, Figures, and Verification Audits",ARCHIVE in research-history / Reference in docs/,High (Thesis Evidence & Forensic Audits),Historical Phase Evidence,MEDIUM
publication_figures/phase12/fig05_tvd_comparison.png,N/A (Historical Documentation),"Research Reports, Figures, and Verification Audits",ARCHIVE in research-history / Reference in docs/,High (Thesis Evidence & Forensic Audits),Historical Phase Evidence,MEDIUM
publication_figures/phase12/fig06_qsvt_degree_vs_hardware_error.png,N/A (Historical Documentation),"Research Reports, Figures, and Verification Audits",ARCHIVE in research-history / Reference in docs/,High (Thesis Evidence & Forensic Audits),Historical Phase Evidence,MEDIUM
publication_figures/phase12/fig07_cx_count_dense_vs_structured.png,N/A (Historical Documentation),"Research Reports, Figures, and Verification Audits",ARCHIVE in research-history / Reference in docs/,High (Thesis Evidence & Forensic Audits),Historical Phase Evidence,MEDIUM
publication_figures/phase12/fig08_circuit_depth_vs_hardware_error.png,N/A (Historical Documentation),"Research Reports, Figures, and Verification Audits",ARCHIVE in research-history / Reference in docs/,High (Thesis Evidence & Forensic Audits),Historical Phase Evidence,MEDIUM
publication_figures/phase12/fig09_shot_count_vs_measurement_error.png,N/A (Historical Documentation),"Research Reports, Figures, and Verification Audits",ARCHIVE in research-history / Reference in docs/,High (Thesis Evidence & Forensic Audits),Historical Phase Evidence,MEDIUM
publication_figures/phase12/fig10_hardware_calibration_vs_observed_error.png,N/A (Historical Documentation),"Research Reports, Figures, and Verification Audits",ARCHIVE in research-history / Reference in docs/,High (Thesis Evidence & Forensic Audits),Historical Phase Evidence,MEDIUM
publication_figures/phase12/fig11_multistep_error_accumulation.png,N/A (Historical Documentation),"Research Reports, Figures, and Verification Audits",ARCHIVE in research-history / Reference in docs/,High (Thesis Evidence & Forensic Audits),Historical Phase Evidence,MEDIUM
publication_figures/phase12/fig12_scientific_execution_lineage.png,N/A (Historical Documentation),"Research Reports, Figures, and Verification Audits",ARCHIVE in research-history / Reference in docs/,High (Thesis Evidence & Forensic Audits),Historical Phase Evidence,MEDIUM
publication_figures/phase13/fig01_classical_ideal_noisy_hardware_density.png,N/A (Historical Documentation),"Research Reports, Figures, and Verification Audits",ARCHIVE in research-history / Reference in docs/,High (Thesis Evidence & Forensic Audits),Historical Phase Evidence,MEDIUM
publication_figures/phase13/fig02_hardware_error_histogram.png,N/A (Historical Documentation),"Research Reports, Figures, and Verification Audits",ARCHIVE in research-history / Reference in docs/,High (Thesis Evidence & Forensic Audits),Historical Phase Evidence,MEDIUM
publication_figures/phase13/fig03_fidelity_comparison_ladder.png,N/A (Historical Documentation),"Research Reports, Figures, and Verification Audits",ARCHIVE in research-history / Reference in docs/,High (Thesis Evidence & Forensic Audits),Historical Phase Evidence,MEDIUM
publication_figures/phase13/fig04_tvd_comparison_ladder.png,N/A (Historical Documentation),"Research Reports, Figures, and Verification Audits",ARCHIVE in research-history / Reference in docs/,High (Thesis Evidence & Forensic Audits),Historical Phase Evidence,MEDIUM
publication_figures/phase13/fig05_error_vs_shot_count.png,N/A (Historical Documentation),"Research Reports, Figures, and Verification Audits",ARCHIVE in research-history / Reference in docs/,High (Thesis Evidence & Forensic Audits),Historical Phase Evidence,MEDIUM
publication_figures/phase13/fig06_error_vs_cx_count.png,N/A (Historical Documentation),"Research Reports, Figures, and Verification Audits",ARCHIVE in research-history / Reference in docs/,High (Thesis Evidence & Forensic Audits),Historical Phase Evidence,MEDIUM
publication_figures/phase13/fig07_qsvt_degree_vs_theoretical_residual.png,N/A (Historical Documentation),"Research Reports, Figures, and Verification Audits",ARCHIVE in research-history / Reference in docs/,High (Thesis Evidence & Forensic Audits),Historical Phase Evidence,MEDIUM
publication_figures/phase13/fig08_qsvt_degree_vs_hardware_residual.png,N/A (Historical Documentation),"Research Reports, Figures, and Verification Audits",ARCHIVE in research-history / Reference in docs/,High (Thesis Evidence & Forensic Audits),Historical Phase Evidence,MEDIUM
publication_figures/phase13/fig09_hardware_fidelity_vs_depth.png,N/A (Historical Documentation),"Research Reports, Figures, and Verification Audits",ARCHIVE in research-history / Reference in docs/,High (Thesis Evidence & Forensic Audits),Historical Phase Evidence,MEDIUM
publication_figures/phase13/fig10_hardware_fidelity_vs_cx_count.png,N/A (Historical Documentation),"Research Reports, Figures, and Verification Audits",ARCHIVE in research-history / Reference in docs/,High (Thesis Evidence & Forensic Audits),Historical Phase Evidence,MEDIUM
publication_figures/phase13/fig11_dense_vs_structured_cx.png,N/A (Historical Documentation),"Research Reports, Figures, and Verification Audits",ARCHIVE in research-history / Reference in docs/,High (Thesis Evidence & Forensic Audits),Historical Phase Evidence,MEDIUM
publication_figures/phase13/fig12_multistep_fidelity_decay.png,N/A (Historical Documentation),"Research Reports, Figures, and Verification Audits",ARCHIVE in research-history / Reference in docs/,High (Thesis Evidence & Forensic Audits),Historical Phase Evidence,MEDIUM
publication_figures/phase13/fig13_2x2_density_error_map.png,N/A (Historical Documentation),"Research Reports, Figures, and Verification Audits",ARCHIVE in research-history / Reference in docs/,High (Thesis Evidence & Forensic Audits),Historical Phase Evidence,MEDIUM
publication_figures/phase13/fig14_4x2_density_error_map.png,N/A (Historical Documentation),"Research Reports, Figures, and Verification Audits",ARCHIVE in research-history / Reference in docs/,High (Thesis Evidence & Forensic Audits),Historical Phase Evidence,MEDIUM
publication_figures/phase14/fig01_algorithmic_hardware_pipeline.png,N/A (Historical Documentation),"Research Reports, Figures, and Verification Audits",ARCHIVE in research-history / Reference in docs/,High (Thesis Evidence & Forensic Audits),Historical Phase Evidence,MEDIUM
publication_figures/phase14/fig02_ideal_noisy_hardware_probs.png,N/A (Historical Documentation),"Research Reports, Figures, and Verification Audits",ARCHIVE in research-history / Reference in docs/,High (Thesis Evidence & Forensic Audits),Historical Phase Evidence,MEDIUM
publication_figures/phase14/fig03_fidelity_vs_qubit_count.png,N/A (Historical Documentation),"Research Reports, Figures, and Verification Audits",ARCHIVE in research-history / Reference in docs/,High (Thesis Evidence & Forensic Audits),Historical Phase Evidence,MEDIUM
publication_figures/phase14/fig04_error_vs_cx_count.png,N/A (Historical Documentation),"Research Reports, Figures, and Verification Audits",ARCHIVE in research-history / Reference in docs/,High (Thesis Evidence & Forensic Audits),Historical Phase Evidence,MEDIUM
publication_figures/phase14/fig05_error_vs_circuit_depth.png,N/A (Historical Documentation),"Research Reports, Figures, and Verification Audits",ARCHIVE in research-history / Reference in docs/,High (Thesis Evidence & Forensic Audits),Historical Phase Evidence,MEDIUM
publication_figures/phase14/fig06_qsvt_degree_vs_hardware_error.png,N/A (Historical Documentation),"Research Reports, Figures, and Verification Audits",ARCHIVE in research-history / Reference in docs/,High (Thesis Evidence & Forensic Audits),Historical Phase Evidence,MEDIUM
publication_figures/phase14/fig07_shot_count_vs_statistical_error.png,N/A (Historical Documentation),"Research Reports, Figures, and Verification Audits",ARCHIVE in research-history / Reference in docs/,High (Thesis Evidence & Forensic Audits),Historical Phase Evidence,MEDIUM
publication_figures/phase14/fig08_raw_vs_mitigated_fidelity.png,N/A (Historical Documentation),"Research Reports, Figures, and Verification Audits",ARCHIVE in research-history / Reference in docs/,High (Thesis Evidence & Forensic Audits),Historical Phase Evidence,MEDIUM
publication_figures/phase14/fig09_classical_vs_quantum_observable.png,N/A (Historical Documentation),"Research Reports, Figures, and Verification Audits",ARCHIVE in research-history / Reference in docs/,High (Thesis Evidence & Forensic Audits),Historical Phase Evidence,MEDIUM
publication_figures/phase14/fig10_dense_vs_structured_cx.png,N/A (Historical Documentation),"Research Reports, Figures, and Verification Audits",ARCHIVE in research-history / Reference in docs/,High (Thesis Evidence & Forensic Audits),Historical Phase Evidence,MEDIUM
publication_figures/phase14/fig11_nisq_singlestep_boundary.png,N/A (Historical Documentation),"Research Reports, Figures, and Verification Audits",ARCHIVE in research-history / Reference in docs/,High (Thesis Evidence & Forensic Audits),Historical Phase Evidence,MEDIUM
publication_figures/phase14/fig12_complete_computational_lineage.png,N/A (Historical Documentation),"Research Reports, Figures, and Verification Audits",ARCHIVE in research-history / Reference in docs/,High (Thesis Evidence & Forensic Audits),Historical Phase Evidence,MEDIUM
publication_figures/phase15/fig01_classical_vs_quantum_workflow.png,N/A (Historical Documentation),"Research Reports, Figures, and Verification Audits",ARCHIVE in research-history / Reference in docs/,High (Thesis Evidence & Forensic Audits),Historical Phase Evidence,MEDIUM
publication_figures/phase15/fig02_quantum_circuit_inventory.png,N/A (Historical Documentation),"Research Reports, Figures, and Verification Audits",ARCHIVE in research-history / Reference in docs/,High (Thesis Evidence & Forensic Audits),Historical Phase Evidence,MEDIUM
publication_figures/phase15/fig03_dense_vs_structured_cx.png,N/A (Historical Documentation),"Research Reports, Figures, and Verification Audits",ARCHIVE in research-history / Reference in docs/,High (Thesis Evidence & Forensic Audits),Historical Phase Evidence,MEDIUM
publication_figures/phase15/fig04_dense_vs_structured_depth.png,N/A (Historical Documentation),"Research Reports, Figures, and Verification Audits",ARCHIVE in research-history / Reference in docs/,High (Thesis Evidence & Forensic Audits),Historical Phase Evidence,MEDIUM
publication_figures/phase15/fig05_hardware_fidelity_by_circuit.png,N/A (Historical Documentation),"Research Reports, Figures, and Verification Audits",ARCHIVE in research-history / Reference in docs/,High (Thesis Evidence & Forensic Audits),Historical Phase Evidence,MEDIUM
publication_figures/phase15/fig06_tvd_by_circuit.png,N/A (Historical Documentation),"Research Reports, Figures, and Verification Audits",ARCHIVE in research-history / Reference in docs/,High (Thesis Evidence & Forensic Audits),Historical Phase Evidence,MEDIUM
publication_figures/phase15/fig07_raw_vs_mitigated_fidelity.png,N/A (Historical Documentation),"Research Reports, Figures, and Verification Audits",ARCHIVE in research-history / Reference in docs/,High (Thesis Evidence & Forensic Audits),Historical Phase Evidence,MEDIUM
publication_figures/phase15/fig08_error_vs_cx_count.png,N/A (Historical Documentation),"Research Reports, Figures, and Verification Audits",ARCHIVE in research-history / Reference in docs/,High (Thesis Evidence & Forensic Audits),Historical Phase Evidence,MEDIUM
publication_figures/phase15/fig09_error_vs_circuit_depth.png,N/A (Historical Documentation),"Research Reports, Figures, and Verification Audits",ARCHIVE in research-history / Reference in docs/,High (Thesis Evidence & Forensic Audits),Historical Phase Evidence,MEDIUM
publication_figures/phase15/fig10_fidelity_vs_qsvt_degree.png,N/A (Historical Documentation),"Research Reports, Figures, and Verification Audits",ARCHIVE in research-history / Reference in docs/,High (Thesis Evidence & Forensic Audits),Historical Phase Evidence,MEDIUM
publication_figures/phase15/fig11_shot_scaling.png,N/A (Historical Documentation),"Research Reports, Figures, and Verification Audits",ARCHIVE in research-history / Reference in docs/,High (Thesis Evidence & Forensic Audits),Historical Phase Evidence,MEDIUM
publication_figures/phase15/fig12_hardware_ideal_noisy_classical.png,N/A (Historical Documentation),"Research Reports, Figures, and Verification Audits",ARCHIVE in research-history / Reference in docs/,High (Thesis Evidence & Forensic Audits),Historical Phase Evidence,MEDIUM
publication_figures/phase15/fig13_multistep_fidelity_degradation.png,N/A (Historical Documentation),"Research Reports, Figures, and Verification Audits",ARCHIVE in research-history / Reference in docs/,High (Thesis Evidence & Forensic Audits),Historical Phase Evidence,MEDIUM
publication_figures/phase15/fig14_experimental_boundary.png,N/A (Historical Documentation),"Research Reports, Figures, and Verification Audits",ARCHIVE in research-history / Reference in docs/,High (Thesis Evidence & Forensic Audits),Historical Phase Evidence,MEDIUM
publication_figures/phase7/fig01_classical_runtime_vs_N.png,N/A (Historical Documentation),"Research Reports, Figures, and Verification Audits",ARCHIVE in research-history / Reference in docs/,High (Thesis Evidence & Forensic Audits),Historical Phase Evidence,MEDIUM
publication_figures/phase7/fig02_classical_memory_vs_N.png,N/A (Historical Documentation),"Research Reports, Figures, and Verification Audits",ARCHIVE in research-history / Reference in docs/,High (Thesis Evidence & Forensic Audits),Historical Phase Evidence,MEDIUM
publication_figures/phase7/fig03_carleman_error_vs_time.png,N/A (Historical Documentation),"Research Reports, Figures, and Verification Audits",ARCHIVE in research-history / Reference in docs/,High (Thesis Evidence & Forensic Audits),Historical Phase Evidence,MEDIUM
publication_figures/phase7/fig04_manifold_defect_vs_time.png,N/A (Historical Documentation),"Research Reports, Figures, and Verification Audits",ARCHIVE in research-history / Reference in docs/,High (Thesis Evidence & Forensic Audits),Historical Phase Evidence,MEDIUM
publication_figures/phase7/fig05_qsvt_residual_vs_degree.png,N/A (Historical Documentation),"Research Reports, Figures, and Verification Audits",ARCHIVE in research-history / Reference in docs/,High (Thesis Evidence & Forensic Audits),Historical Phase Evidence,MEDIUM
publication_figures/phase7/fig06_condition_number_vs_dt.png,N/A (Historical Documentation),"Research Reports, Figures, and Verification Audits",ARCHIVE in research-history / Reference in docs/,High (Thesis Evidence & Forensic Audits),Historical Phase Evidence,MEDIUM
publication_figures/phase7/fig07_qubit_count_vs_N.png,N/A (Historical Documentation),"Research Reports, Figures, and Verification Audits",ARCHIVE in research-history / Reference in docs/,High (Thesis Evidence & Forensic Audits),Historical Phase Evidence,MEDIUM
publication_figures/phase7/fig08_carleman_dim_vs_N.png,N/A (Historical Documentation),"Research Reports, Figures, and Verification Audits",ARCHIVE in research-history / Reference in docs/,High (Thesis Evidence & Forensic Audits),Historical Phase Evidence,MEDIUM
publication_figures/phase7/fig09_circuit_depth_vs_degree.png,N/A (Historical Documentation),"Research Reports, Figures, and Verification Audits",ARCHIVE in research-history / Reference in docs/,High (Thesis Evidence & Forensic Audits),Historical Phase Evidence,MEDIUM
publication_figures/phase7/fig10_error_budget.png,N/A (Historical Documentation),"Research Reports, Figures, and Verification Audits",ARCHIVE in research-history / Reference in docs/,High (Thesis Evidence & Forensic Audits),Historical Phase Evidence,MEDIUM
publication_figures/phase7/fig11_noise_robustness.png,N/A (Historical Documentation),"Research Reports, Figures, and Verification Audits",ARCHIVE in research-history / Reference in docs/,High (Thesis Evidence & Forensic Audits),Historical Phase Evidence,MEDIUM
publication_figures/phase7/fig12_observable_estimation_scaling.png,N/A (Historical Documentation),"Research Reports, Figures, and Verification Audits",ARCHIVE in research-history / Reference in docs/,High (Thesis Evidence & Forensic Audits),Historical Phase Evidence,MEDIUM
pyproject.toml,N/A (Root Research Artifact),Root Milestone Report / CSV Audit / Shell Runner,ARCHIVE in research-history / Reference in thesis,High (Milestone Proofs & Phase Summaries),Phase Evidence,MEDIUM
quantum/approaches/approach_a_global_carleman.py,quantum/carleman_quantum.py (Approach B standardized),Comparative Solver Study (Approaches A/B/C),ARCHIVE in research-history / Port as research benchmark,High (Theoretical Ablation Analysis),Validated in Phase 7,MEDIUM
quantum/approaches/approach_b_local_carleman.py,quantum/carleman_quantum.py (Approach B standardized),Comparative Solver Study (Approaches A/B/C),ARCHIVE in research-history / Port as research benchmark,High (Theoretical Ablation Analysis),Validated in Phase 7,MEDIUM
quantum/approaches/approach_c_osslbm.py,quantum/carleman_quantum.py (Approach B standardized),Comparative Solver Study (Approaches A/B/C),ARCHIVE in research-history / Port as research benchmark,High (Theoretical Ablation Analysis),Validated in Phase 7,MEDIUM
quantum/block_encoding.py,quantum/carleman_quantum.py & unitary_dilation.py,QSVT / Block Encoding Research Modules,PORT to development/qsvt/ for research continuation,High (QSVT Research Track),Validated in Phase 8,HIGH
quantum/boundary.py,N/A,OLD Quantum Module,ARCHIVE in research-history,Historical,Historical,LOW
quantum/carleman_collision.py,quantum/carleman_collision.py,Identical,KEEP NEW,Core Production Baseline,Verified,LOW
quantum/carleman_lbm.py,N/A,OLD Quantum Module,ARCHIVE in research-history,Historical,Historical,LOW
quantum/carleman_two_phase_step.py,quantum/carleman_two_phase_step.py,Modified / Enhanced in NEW,KEEP NEW (Production Corrected),High (Production Corrected),Verified in NEW,LOW
quantum/compare_three_approaches.py,quantum/carleman_quantum.py (Approach B standardized),Comparative Solver Study (Approaches A/B/C),ARCHIVE in research-history / Port as research benchmark,High (Theoretical Ablation Analysis),Validated in Phase 7,MEDIUM
quantum/compare_three_solvers.py,N/A,OLD Quantum Module,ARCHIVE in research-history,Historical,Historical,LOW
quantum/dam_break_qlbm.py,N/A,OLD Quantum Module,ARCHIVE in research-history,Historical,Historical,LOW
quantum/dam_break_qlbm_sim.py,N/A,OLD Quantum Module,ARCHIVE in research-history,Historical,Historical,LOW
quantum/encoding.py,N/A,OLD Quantum Module,ARCHIVE in research-history,Historical,Historical,LOW
quantum/local_carleman/collision.py,quantum/carleman_quantum.py & timestep_quantum.py,Early local Carleman implementation,ARCHIVE in research-history,Subsumed in Production Modules,Superseded,LOW
quantum/local_carleman/dynamic_circuit.py,quantum/carleman_quantum.py & timestep_quantum.py,Early local Carleman implementation,ARCHIVE in research-history,Subsumed in Production Modules,Superseded,LOW
quantum/local_carleman/encoding.py,quantum/carleman_quantum.py & timestep_quantum.py,Early local Carleman implementation,ARCHIVE in research-history,Subsumed in Production Modules,Superseded,LOW
quantum/local_carleman/measurement.py,quantum/carleman_quantum.py & timestep_quantum.py,Early local Carleman implementation,ARCHIVE in research-history,Subsumed in Production Modules,Superseded,LOW
quantum/local_carleman/streaming.py,quantum/carleman_quantum.py & timestep_quantum.py,Early local Carleman implementation,ARCHIVE in research-history,Subsumed in Production Modules,Superseded,LOW
quantum/qsvt_solver.py,quantum/carleman_quantum.py & unitary_dilation.py,QSVT / Block Encoding Research Modules,PORT to development/qsvt/ for research continuation,High (QSVT Research Track),Validated in Phase 8,HIGH
quantum/resource_analysis.py,run.py & timestep_quantum.py,Historical Quantum Execution Scripts,ARCHIVE in research-history,Historical Execution,Superseded by run.py,LOW
quantum/run_dam_break_qlbm.py,run.py & timestep_quantum.py,Historical Quantum Execution Scripts,ARCHIVE in research-history,Historical Execution,Superseded by run.py,LOW
quantum/run_end_to_end_validation.py,run.py & timestep_quantum.py,Historical Quantum Execution Scripts,ARCHIVE in research-history,Historical Execution,Superseded by run.py,LOW
quantum/run_quantum_pipeline.py,run.py & timestep_quantum.py,Historical Quantum Execution Scripts,ARCHIVE in research-history,Historical Execution,Superseded by run.py,LOW
quantum/small_qlbm.py,N/A,OLD Quantum Module,ARCHIVE in research-history,Historical,Historical,LOW
quantum/streaming.py,quantum/streaming.py,Modified / Enhanced in NEW,KEEP NEW (Production Corrected),High (Production Corrected),Verified in NEW,LOW
quantum/two_phase_boundary.py,quantum/two_phase_boundary.py,Modified / Enhanced in NEW,KEEP NEW (Production Corrected),High (Production Corrected),Verified in NEW,LOW
quantum/two_phase_carleman.py,quantum/two_phase_carleman.py,Modified / Enhanced in NEW,KEEP NEW (Production Corrected),High (Production Corrected),Verified in NEW,LOW
quantum/two_phase_collision.py,N/A,OLD Quantum Module,ARCHIVE in research-history,Historical,Historical,LOW
quantum/two_phase_encoding.py,quantum/two_phase_encoding.py,Modified / Enhanced in NEW,KEEP NEW (Production Corrected),High (Production Corrected),Verified in NEW,LOW
quantum/two_phase_step.py,N/A,OLD Quantum Module,ARCHIVE in research-history,Historical,Historical,LOW
quantum/unitary_dilation.py,quantum/unitary_dilation.py,Modified / Enhanced in NEW,KEEP NEW (Production Corrected),High (Production Corrected),Verified in NEW,LOW
quantum/verify_block_encoding.py,quantum/carleman_quantum.py & unitary_dilation.py,QSVT / Block Encoding Research Modules,PORT to development/qsvt/ for research continuation,High (QSVT Research Track),Validated in Phase 8,HIGH
quantum_block_encoding_status.json,N/A (Root Research Artifact),Root Milestone Report / CSV Audit / Shell Runner,ARCHIVE in research-history / Reference in thesis,High (Milestone Proofs & Phase Summaries),Phase Evidence,MEDIUM
quantum_hardware/01_block_encoding_demo.py,hardware/isa_transpile.py & hardware/preflight.py,"IBM Hardware & QAE Demos (Demos 01-05, run_hardware)",PORT to development/hardware_demos/ as standalone tutorials,High (Hardware Demonstration Scripts),Verified on Fake Backends,HIGH
quantum_hardware/02_qsvt_demo.py,hardware/isa_transpile.py & hardware/preflight.py,"IBM Hardware & QAE Demos (Demos 01-05, run_hardware)",PORT to development/hardware_demos/ as standalone tutorials,High (Hardware Demonstration Scripts),Verified on Fake Backends,HIGH
quantum_hardware/03_measurement_demo.py,hardware/isa_transpile.py & hardware/preflight.py,"IBM Hardware & QAE Demos (Demos 01-05, run_hardware)",PORT to development/hardware_demos/ as standalone tutorials,High (Hardware Demonstration Scripts),Verified on Fake Backends,HIGH
quantum_hardware/04_small_qlbm_state.py,hardware/isa_transpile.py & hardware/preflight.py,"IBM Hardware & QAE Demos (Demos 01-05, run_hardware)",PORT to development/hardware_demos/ as standalone tutorials,High (Hardware Demonstration Scripts),Verified on Fake Backends,HIGH
quantum_hardware/05_qae_scalar_demo.py,hardware/isa_transpile.py & hardware/preflight.py,"IBM Hardware & QAE Demos (Demos 01-05, run_hardware)",PORT to development/hardware_demos/ as standalone tutorials,High (Hardware Demonstration Scripts),Verified on Fake Backends,HIGH
quantum_hardware/run_hardware.py,hardware/isa_transpile.py & hardware/preflight.py,"IBM Hardware & QAE Demos (Demos 01-05, run_hardware)",PORT to development/hardware_demos/ as standalone tutorials,High (Hardware Demonstration Scripts),Verified on Fake Backends,HIGH
quantum_hardware/run_real_qpu.py,hardware/isa_transpile.py & hardware/preflight.py,"IBM Hardware & QAE Demos (Demos 01-05, run_hardware)",PORT to development/hardware_demos/ as standalone tutorials,High (Hardware Demonstration Scripts),Verified on Fake Backends,HIGH
quantum_hardware/transpile_hardware.py,hardware/isa_transpile.py & hardware/preflight.py,"IBM Hardware & QAE Demos (Demos 01-05, run_hardware)",PORT to development/hardware_demos/ as standalone tutorials,High (Hardware Demonstration Scripts),Verified on Fake Backends,HIGH
quantum_hardware/validate_results.py,hardware/isa_transpile.py & hardware/preflight.py,"IBM Hardware & QAE Demos (Demos 01-05, run_hardware)",PORT to development/hardware_demos/ as standalone tutorials,High (Hardware Demonstration Scripts),Verified on Fake Backends,HIGH
reproducibility/run_all.sh,N/A (Root Research Artifact),Root Milestone Report / CSV Audit / Shell Runner,ARCHIVE in research-history / Reference in thesis,High (Milestone Proofs & Phase Summaries),Phase Evidence,MEDIUM
reproducibility/run_carleman_validation.sh,N/A (Root Research Artifact),Root Milestone Report / CSV Audit / Shell Runner,ARCHIVE in research-history / Reference in thesis,High (Milestone Proofs & Phase Summaries),Phase Evidence,MEDIUM
reproducibility/run_hardware_preflight.sh,N/A (Root Research Artifact),Root Milestone Report / CSV Audit / Shell Runner,ARCHIVE in research-history / Reference in thesis,High (Milestone Proofs & Phase Summaries),Phase Evidence,MEDIUM
reproducibility/run_validation.sh,N/A (Root Research Artifact),Root Milestone Report / CSV Audit / Shell Runner,ARCHIVE in research-history / Reference in thesis,High (Milestone Proofs & Phase Summaries),Phase Evidence,MEDIUM
requirements-lock.txt,N/A (Root Research Artifact),Root Milestone Report / CSV Audit / Shell Runner,ARCHIVE in research-history / Reference in thesis,High (Milestone Proofs & Phase Summaries),Phase Evidence,MEDIUM
requirements.txt,requirements.txt,Modified / Enhanced in NEW,KEEP NEW (Production Corrected),High (Production Corrected),Verified in NEW,LOW
research/ARCHITECTURE_COMPARISON.md,N/A (Historical Documentation),"Research Reports, Figures, and Verification Audits",ARCHIVE in research-history / Reference in docs/,High (Thesis Evidence & Forensic Audits),Historical Phase Evidence,MEDIUM
research/CARLEMAN_COLLISION_DERIVATION.md,N/A (Historical Documentation),"Research Reports, Figures, and Verification Audits",ARCHIVE in research-history / Reference in docs/,High (Thesis Evidence & Forensic Audits),Historical Phase Evidence,MEDIUM
research/CARLEMAN_LCU_MAPPING.md,N/A (Historical Documentation),"Research Reports, Figures, and Verification Audits",ARCHIVE in research-history / Reference in docs/,High (Thesis Evidence & Forensic Audits),Historical Phase Evidence,MEDIUM
research/CLASSICAL_BENCHMARK_MAPPING.md,N/A (Historical Documentation),"Research Reports, Figures, and Verification Audits",ARCHIVE in research-history / Reference in docs/,High (Thesis Evidence & Forensic Audits),Historical Phase Evidence,MEDIUM
research/COLLISION_REPRESENTABILITY_PROOF.md,N/A (Historical Documentation),"Research Reports, Figures, and Verification Audits",ARCHIVE in research-history / Reference in docs/,High (Thesis Evidence & Forensic Audits),Historical Phase Evidence,MEDIUM
research/ERROR_BUDGET.md,N/A (Historical Documentation),"Research Reports, Figures, and Verification Audits",ARCHIVE in research-history / Reference in docs/,High (Thesis Evidence & Forensic Audits),Historical Phase Evidence,MEDIUM
research/ERROR_ROOT_CAUSE.md,N/A (Historical Documentation),"Research Reports, Figures, and Verification Audits",ARCHIVE in research-history / Reference in docs/,High (Thesis Evidence & Forensic Audits),Historical Phase Evidence,MEDIUM
research/EXPLICIT_CARLEMAN_CIRCUIT.md,N/A (Historical Documentation),"Research Reports, Figures, and Verification Audits",ARCHIVE in research-history / Reference in docs/,High (Thesis Evidence & Forensic Audits),Historical Phase Evidence,MEDIUM
research/FINAL_REPORT.md,N/A (Historical Documentation),"Research Reports, Figures, and Verification Audits",ARCHIVE in research-history / Reference in docs/,High (Thesis Evidence & Forensic Audits),Historical Phase Evidence,MEDIUM
research/LITERATURE_MATRIX.md,N/A (Historical Documentation),"Research Reports, Figures, and Verification Audits",ARCHIVE in research-history / Reference in docs/,High (Thesis Evidence & Forensic Audits),Historical Phase Evidence,MEDIUM
research/PROJECT_AUDIT.md,N/A (Historical Documentation),"Research Reports, Figures, and Verification Audits",ARCHIVE in research-history / Reference in docs/,High (Thesis Evidence & Forensic Audits),Historical Phase Evidence,MEDIUM
research/QLBM_REPOSITORY_AUDIT.md,N/A (Historical Documentation),"Research Reports, Figures, and Verification Audits",ARCHIVE in research-history / Reference in docs/,High (Thesis Evidence & Forensic Audits),Historical Phase Evidence,MEDIUM
research/QUANTUM_STATE_MAPPING.md,N/A (Historical Documentation),"Research Reports, Figures, and Verification Audits",ARCHIVE in research-history / Reference in docs/,High (Thesis Evidence & Forensic Audits),Historical Phase Evidence,MEDIUM
research/REAL_IBM_EVIDENCE.md,N/A (Historical Documentation),"Research Reports, Figures, and Verification Audits",ARCHIVE in research-history / Reference in docs/,High (Thesis Evidence & Forensic Audits),Historical Phase Evidence,MEDIUM
research/RESEARCH_GAP.md,N/A (Historical Documentation),"Research Reports, Figures, and Verification Audits",ARCHIVE in research-history / Reference in docs/,High (Thesis Evidence & Forensic Audits),Historical Phase Evidence,MEDIUM
research/TWO_PHASE_CARLEMAN_DERIVATION.md,N/A (Historical Documentation),"Research Reports, Figures, and Verification Audits",ARCHIVE in research-history / Reference in docs/,High (Thesis Evidence & Forensic Audits),Historical Phase Evidence,MEDIUM
research/TWO_PHASE_IMPLEMENTATION_PLAN.md,N/A (Historical Documentation),"Research Reports, Figures, and Verification Audits",ARCHIVE in research-history / Reference in docs/,High (Thesis Evidence & Forensic Audits),Historical Phase Evidence,MEDIUM
research/TWO_PHASE_MODEL.md,N/A (Historical Documentation),"Research Reports, Figures, and Verification Audits",ARCHIVE in research-history / Reference in docs/,High (Thesis Evidence & Forensic Audits),Historical Phase Evidence,MEDIUM
research/TWO_PHASE_UPGRADE_AUDIT.md,N/A (Historical Documentation),"Research Reports, Figures, and Verification Audits",ARCHIVE in research-history / Reference in docs/,High (Thesis Evidence & Forensic Audits),Historical Phase Evidence,MEDIUM
results/classical_two_phase/classical_dambreak_evolution.png,N/A (Root Research Artifact),Root Milestone Report / CSV Audit / Shell Runner,ARCHIVE in research-history / Reference in thesis,High (Milestone Proofs & Phase Summaries),Phase Evidence,MEDIUM
results/classical_two_phase/classical_fields.npz,N/A (Root Research Artifact),Root Milestone Report / CSV Audit / Shell Runner,ARCHIVE in research-history / Reference in thesis,High (Milestone Proofs & Phase Summaries),Phase Evidence,MEDIUM
results/classical_two_phase/configuration.json,N/A (Root Research Artifact),Root Milestone Report / CSV Audit / Shell Runner,ARCHIVE in research-history / Reference in thesis,High (Milestone Proofs & Phase Summaries),Phase Evidence,MEDIUM
results/classical_two_phase/metrics.json,N/A (Root Research Artifact),Root Milestone Report / CSV Audit / Shell Runner,ARCHIVE in research-history / Reference in thesis,High (Milestone Proofs & Phase Summaries),Phase Evidence,MEDIUM
results/experiment_manifest.json,N/A (Root Research Artifact),Root Milestone Report / CSV Audit / Shell Runner,ARCHIVE in research-history / Reference in thesis,High (Milestone Proofs & Phase Summaries),Phase Evidence,MEDIUM
results/hardware/carleman_resource_report.json,N/A (Root Research Artifact),Root Milestone Report / CSV Audit / Shell Runner,ARCHIVE in research-history / Reference in thesis,High (Milestone Proofs & Phase Summaries),Phase Evidence,MEDIUM
results/phase6/figures/fig10_noise_robustness.png,N/A (Root Research Artifact),Root Milestone Report / CSV Audit / Shell Runner,ARCHIVE in research-history / Reference in thesis,High (Milestone Proofs & Phase Summaries),Phase Evidence,MEDIUM
results/phase6/figures/fig1_classical_benchmark.png,N/A (Root Research Artifact),Root Milestone Report / CSV Audit / Shell Runner,ARCHIVE in research-history / Reference in thesis,High (Milestone Proofs & Phase Summaries),Phase Evidence,MEDIUM
results/phase6/figures/fig2_carleman_error_vs_time.png,N/A (Root Research Artifact),Root Milestone Report / CSV Audit / Shell Runner,ARCHIVE in research-history / Reference in thesis,High (Milestone Proofs & Phase Summaries),Phase Evidence,MEDIUM
results/phase6/figures/fig3_qsvt_residual_vs_degree.png,N/A (Root Research Artifact),Root Milestone Report / CSV Audit / Shell Runner,ARCHIVE in research-history / Reference in thesis,High (Milestone Proofs & Phase Summaries),Phase Evidence,MEDIUM
results/phase6/figures/fig4_condition_number_vs_dt.png,N/A (Root Research Artifact),Root Milestone Report / CSV Audit / Shell Runner,ARCHIVE in research-history / Reference in thesis,High (Milestone Proofs & Phase Summaries),Phase Evidence,MEDIUM
results/phase6/figures/fig5_qubits_vs_nodes.png,N/A (Root Research Artifact),Root Milestone Report / CSV Audit / Shell Runner,ARCHIVE in research-history / Reference in thesis,High (Milestone Proofs & Phase Summaries),Phase Evidence,MEDIUM
results/phase6/figures/fig6_carleman_dim_vs_nodes.png,N/A (Root Research Artifact),Root Milestone Report / CSV Audit / Shell Runner,ARCHIVE in research-history / Reference in thesis,High (Milestone Proofs & Phase Summaries),Phase Evidence,MEDIUM
results/phase6/figures/fig7_circuit_depth_vs_degree.png,N/A (Root Research Artifact),Root Milestone Report / CSV Audit / Shell Runner,ARCHIVE in research-history / Reference in thesis,High (Milestone Proofs & Phase Summaries),Phase Evidence,MEDIUM
results/phase6/figures/fig8_shot_noise_scaling.png,N/A (Root Research Artifact),Root Milestone Report / CSV Audit / Shell Runner,ARCHIVE in research-history / Reference in thesis,High (Milestone Proofs & Phase Summaries),Phase Evidence,MEDIUM
results/phase6/figures/fig9_error_budget_decomposition.png,N/A (Root Research Artifact),Root Milestone Report / CSV Audit / Shell Runner,ARCHIVE in research-history / Reference in thesis,High (Milestone Proofs & Phase Summaries),Phase Evidence,MEDIUM
results/two_phase/classical_fields.npz,N/A (Root Research Artifact),Root Milestone Report / CSV Audit / Shell Runner,ARCHIVE in research-history / Reference in thesis,High (Milestone Proofs & Phase Summaries),Phase Evidence,MEDIUM
results/two_phase/comparison.json,N/A (Root Research Artifact),Root Milestone Report / CSV Audit / Shell Runner,ARCHIVE in research-history / Reference in thesis,High (Milestone Proofs & Phase Summaries),Phase Evidence,MEDIUM
results/two_phase/ibm_isa_circuit_report.json,N/A (Root Research Artifact),Root Milestone Report / CSV Audit / Shell Runner,ARCHIVE in research-history / Reference in thesis,High (Milestone Proofs & Phase Summaries),Phase Evidence,MEDIUM
results/two_phase/quantum_fields.npz,N/A (Root Research Artifact),Root Milestone Report / CSV Audit / Shell Runner,ARCHIVE in research-history / Reference in thesis,High (Milestone Proofs & Phase Summaries),Phase Evidence,MEDIUM
results/two_phase/quantum_fields/phi.npy,N/A (Root Research Artifact),Root Milestone Report / CSV Audit / Shell Runner,ARCHIVE in research-history / Reference in thesis,High (Milestone Proofs & Phase Summaries),Phase Evidence,MEDIUM
results/two_phase/quantum_fields/rho.npy,N/A (Root Research Artifact),Root Milestone Report / CSV Audit / Shell Runner,ARCHIVE in research-history / Reference in thesis,High (Milestone Proofs & Phase Summaries),Phase Evidence,MEDIUM
results/two_phase/quantum_fields/u.npy,N/A (Root Research Artifact),Root Milestone Report / CSV Audit / Shell Runner,ARCHIVE in research-history / Reference in thesis,High (Milestone Proofs & Phase Summaries),Phase Evidence,MEDIUM
results/two_phase/two_phase_dambreak_comparison.png,N/A (Root Research Artifact),Root Milestone Report / CSV Audit / Shell Runner,ARCHIVE in research-history / Reference in thesis,High (Milestone Proofs & Phase Summaries),Phase Evidence,MEDIUM
results/two_phase_resources.csv,N/A (Root Research Artifact),Root Milestone Report / CSV Audit / Shell Runner,ARCHIVE in research-history / Reference in thesis,High (Milestone Proofs & Phase Summaries),Phase Evidence,MEDIUM
results/validation/baseline_error_curves.png,N/A (Root Research Artifact),Root Milestone Report / CSV Audit / Shell Runner,ARCHIVE in research-history / Reference in thesis,High (Milestone Proofs & Phase Summaries),Phase Evidence,MEDIUM
results/validation/baseline_multistep.json,N/A (Root Research Artifact),Root Milestone Report / CSV Audit / Shell Runner,ARCHIVE in research-history / Reference in thesis,High (Milestone Proofs & Phase Summaries),Phase Evidence,MEDIUM
results/validation/canonical_reference_snapshots.json,N/A (Root Research Artifact),Root Milestone Report / CSV Audit / Shell Runner,ARCHIVE in research-history / Reference in thesis,High (Milestone Proofs & Phase Summaries),Phase Evidence,MEDIUM
results/validation/carleman_multistep.json,N/A (Root Research Artifact),Root Milestone Report / CSV Audit / Shell Runner,ARCHIVE in research-history / Reference in thesis,High (Milestone Proofs & Phase Summaries),Phase Evidence,MEDIUM
results/validation/carleman_multistep.png,N/A (Root Research Artifact),Root Milestone Report / CSV Audit / Shell Runner,ARCHIVE in research-history / Reference in thesis,High (Milestone Proofs & Phase Summaries),Phase Evidence,MEDIUM
results/validation/center_of_mass_vs_time.png,N/A (Root Research Artifact),Root Milestone Report / CSV Audit / Shell Runner,ARCHIVE in research-history / Reference in thesis,High (Milestone Proofs & Phase Summaries),Phase Evidence,MEDIUM
results/validation/collision_operator_validation.json,N/A (Root Research Artifact),Root Milestone Report / CSV Audit / Shell Runner,ARCHIVE in research-history / Reference in thesis,High (Milestone Proofs & Phase Summaries),Phase Evidence,MEDIUM
results/validation/collision_representability_experiment.json,N/A (Root Research Artifact),Root Milestone Report / CSV Audit / Shell Runner,ARCHIVE in research-history / Reference in thesis,High (Milestone Proofs & Phase Summaries),Phase Evidence,MEDIUM
results/validation/dam_break_physical_metrics.json,N/A (Root Research Artifact),Root Milestone Report / CSV Audit / Shell Runner,ARCHIVE in research-history / Reference in thesis,High (Milestone Proofs & Phase Summaries),Phase Evidence,MEDIUM
results/validation/error_decomposition.json,N/A (Root Research Artifact),Root Milestone Report / CSV Audit / Shell Runner,ARCHIVE in research-history / Reference in thesis,High (Milestone Proofs & Phase Summaries),Phase Evidence,MEDIUM
results/validation/interface_front_vs_time.png,N/A (Root Research Artifact),Root Milestone Report / CSV Audit / Shell Runner,ARCHIVE in research-history / Reference in thesis,High (Milestone Proofs & Phase Summaries),Phase Evidence,MEDIUM
results/validation/operator_ablation.json,N/A (Root Research Artifact),Root Milestone Report / CSV Audit / Shell Runner,ARCHIVE in research-history / Reference in thesis,High (Milestone Proofs & Phase Summaries),Phase Evidence,MEDIUM
results/validation/operator_ablation.png,N/A (Root Research Artifact),Root Milestone Report / CSV Audit / Shell Runner,ARCHIVE in research-history / Reference in thesis,High (Milestone Proofs & Phase Summaries),Phase Evidence,MEDIUM
results/validation/shot_noise_convergence.png,N/A (Root Research Artifact),Root Milestone Report / CSV Audit / Shell Runner,ARCHIVE in research-history / Reference in thesis,High (Milestone Proofs & Phase Summaries),Phase Evidence,MEDIUM
run_phase10_validation.sh,N/A (Root Research Artifact),Root Milestone Report / CSV Audit / Shell Runner,ARCHIVE in research-history / Reference in thesis,High (Milestone Proofs & Phase Summaries),Phase Evidence,MEDIUM
run_phase11_validation.sh,N/A (Root Research Artifact),Root Milestone Report / CSV Audit / Shell Runner,ARCHIVE in research-history / Reference in thesis,High (Milestone Proofs & Phase Summaries),Phase Evidence,MEDIUM
run_phase12_validation.sh,N/A (Root Research Artifact),Root Milestone Report / CSV Audit / Shell Runner,ARCHIVE in research-history / Reference in thesis,High (Milestone Proofs & Phase Summaries),Phase Evidence,MEDIUM
run_phase13_validation.sh,N/A (Root Research Artifact),Root Milestone Report / CSV Audit / Shell Runner,ARCHIVE in research-history / Reference in thesis,High (Milestone Proofs & Phase Summaries),Phase Evidence,MEDIUM
run_phase14_validation.sh,N/A (Root Research Artifact),Root Milestone Report / CSV Audit / Shell Runner,ARCHIVE in research-history / Reference in thesis,High (Milestone Proofs & Phase Summaries),Phase Evidence,MEDIUM
run_phase15_validation.sh,N/A (Root Research Artifact),Root Milestone Report / CSV Audit / Shell Runner,ARCHIVE in research-history / Reference in thesis,High (Milestone Proofs & Phase Summaries),Phase Evidence,MEDIUM
run_phase6_validation.sh,N/A (Root Research Artifact),Root Milestone Report / CSV Audit / Shell Runner,ARCHIVE in research-history / Reference in thesis,High (Milestone Proofs & Phase Summaries),Phase Evidence,MEDIUM
run_phase7_validation.sh,N/A (Root Research Artifact),Root Milestone Report / CSV Audit / Shell Runner,ARCHIVE in research-history / Reference in thesis,High (Milestone Proofs & Phase Summaries),Phase Evidence,MEDIUM
run_phase8_validation.sh,N/A (Root Research Artifact),Root Milestone Report / CSV Audit / Shell Runner,ARCHIVE in research-history / Reference in thesis,High (Milestone Proofs & Phase Summaries),Phase Evidence,MEDIUM
run_phase9_validation.sh,N/A (Root Research Artifact),Root Milestone Report / CSV Audit / Shell Runner,ARCHIVE in research-history / Reference in thesis,High (Milestone Proofs & Phase Summaries),Phase Evidence,MEDIUM
scripts/build_classical_two_phase.py,N/A (Batch Orchestration),Phase Batch Automation Scripts (Phases 5-15),ARCHIVE in research-history,Historical Automation,Historical Batch Scripts,LOW
scripts/build_phase35_final_report.py,N/A (Batch Orchestration),Phase Batch Automation Scripts (Phases 5-15),ARCHIVE in research-history,Historical Automation,Historical Batch Scripts,LOW
scripts/build_phase4_classical.py,N/A (Batch Orchestration),Phase Batch Automation Scripts (Phases 5-15),ARCHIVE in research-history,Historical Automation,Historical Batch Scripts,LOW
scripts/build_phase5_carleman.py,N/A (Batch Orchestration),Phase Batch Automation Scripts (Phases 5-15),ARCHIVE in research-history,Historical Automation,Historical Batch Scripts,LOW
scripts/build_quantum_infrastructure.py,N/A (Batch Orchestration),Phase Batch Automation Scripts (Phases 5-15),ARCHIVE in research-history,Historical Automation,Historical Batch Scripts,LOW
scripts/build_quantum_two_phase_modules.py,N/A (Batch Orchestration),Phase Batch Automation Scripts (Phases 5-15),ARCHIVE in research-history,Historical Automation,Historical Batch Scripts,LOW
scripts/build_quantum_two_phase_tests.py,N/A (Batch Orchestration),Phase Batch Automation Scripts (Phases 5-15),ARCHIVE in research-history,Historical Automation,Historical Batch Scripts,LOW
scripts/build_run_quantum_two_phase_script.py,N/A (Batch Orchestration),Phase Batch Automation Scripts (Phases 5-15),ARCHIVE in research-history,Historical Automation,Historical Batch Scripts,LOW
scripts/build_test_suite.py,N/A (Batch Orchestration),Phase Batch Automation Scripts (Phases 5-15),ARCHIVE in research-history,Historical Automation,Historical Batch Scripts,LOW
scripts/build_two_phase_plan.py,N/A (Batch Orchestration),Phase Batch Automation Scripts (Phases 5-15),ARCHIVE in research-history,Historical Automation,Historical Batch Scripts,LOW
scripts/check_ibm_connection.py,N/A (Batch Orchestration),Phase Batch Automation Scripts (Phases 5-15),ARCHIVE in research-history,Historical Automation,Historical Batch Scripts,LOW
scripts/collision_representability_analysis.py,N/A (Batch Orchestration),Phase Batch Automation Scripts (Phases 5-15),ARCHIVE in research-history,Historical Automation,Historical Batch Scripts,LOW
scripts/generate_classical_ground_truth.py,N/A (Batch Orchestration),Phase Batch Automation Scripts (Phases 5-15),ARCHIVE in research-history,Historical Automation,Historical Batch Scripts,LOW
scripts/generate_final_research_benchmarks.py,N/A (Batch Orchestration),Phase Batch Automation Scripts (Phases 5-15),ARCHIVE in research-history,Historical Automation,Historical Batch Scripts,LOW
scripts/generate_phase0_research_audit.py,N/A (Batch Orchestration),Phase Batch Automation Scripts (Phases 5-15),ARCHIVE in research-history,Historical Automation,Historical Batch Scripts,LOW
scripts/generate_phase6_figures.py,N/A (Batch Orchestration),Phase Batch Automation Scripts (Phases 5-15),ARCHIVE in research-history,Historical Automation,Historical Batch Scripts,LOW
scripts/generate_two_phase_resources.py,N/A (Batch Orchestration),Phase Batch Automation Scripts (Phases 5-15),ARCHIVE in research-history,Historical Automation,Historical Batch Scripts,LOW
scripts/hardware_preflight.py,N/A (Batch Orchestration),Phase Batch Automation Scripts (Phases 5-15),ARCHIVE in research-history,Historical Automation,Historical Batch Scripts,LOW
scripts/ingest_paper.py,N/A (Batch Orchestration),Phase Batch Automation Scripts (Phases 5-15),ARCHIVE in research-history,Historical Automation,Historical Batch Scripts,LOW
scripts/prepare_real_ibm_circuit.py,N/A (Batch Orchestration),Phase Batch Automation Scripts (Phases 5-15),ARCHIVE in research-history,Historical Automation,Historical Batch Scripts,LOW
scripts/record_canonical_reference.py,N/A (Batch Orchestration),Phase Batch Automation Scripts (Phases 5-15),ARCHIVE in research-history,Historical Automation,Historical Batch Scripts,LOW
scripts/run_batch1.py,N/A (Batch Orchestration),Phase Batch Automation Scripts (Phases 5-15),ARCHIVE in research-history,Historical Automation,Historical Batch Scripts,LOW
scripts/run_batch2.py,N/A (Batch Orchestration),Phase Batch Automation Scripts (Phases 5-15),ARCHIVE in research-history,Historical Automation,Historical Batch Scripts,LOW
scripts/run_carleman_multistep_validation.py,N/A (Batch Orchestration),Phase Batch Automation Scripts (Phases 5-15),ARCHIVE in research-history,Historical Automation,Historical Batch Scripts,LOW
scripts/run_carleman_study.py,N/A (Batch Orchestration),Phase Batch Automation Scripts (Phases 5-15),ARCHIVE in research-history,Historical Automation,Historical Batch Scripts,LOW
scripts/run_classical_two_phase_dambreak.py,N/A (Batch Orchestration),Phase Batch Automation Scripts (Phases 5-15),ARCHIVE in research-history,Historical Automation,Historical Batch Scripts,LOW
scripts/run_dam_break_physics_analysis.py,N/A (Batch Orchestration),Phase Batch Automation Scripts (Phases 5-15),ARCHIVE in research-history,Historical Automation,Historical Batch Scripts,LOW
scripts/run_operator_ablation.py,N/A (Batch Orchestration),Phase Batch Automation Scripts (Phases 5-15),ARCHIVE in research-history,Historical Automation,Historical Batch Scripts,LOW
scripts/run_parameter_study.py,N/A (Batch Orchestration),Phase Batch Automation Scripts (Phases 5-15),ARCHIVE in research-history,Historical Automation,Historical Batch Scripts,LOW
scripts/run_phase10_batch1.py,N/A (Batch Orchestration),Phase Batch Automation Scripts (Phases 5-15),ARCHIVE in research-history,Historical Automation,Historical Batch Scripts,LOW
scripts/run_phase10_batch2.py,N/A (Batch Orchestration),Phase Batch Automation Scripts (Phases 5-15),ARCHIVE in research-history,Historical Automation,Historical Batch Scripts,LOW
scripts/run_phase10_batch3.py,N/A (Batch Orchestration),Phase Batch Automation Scripts (Phases 5-15),ARCHIVE in research-history,Historical Automation,Historical Batch Scripts,LOW
scripts/run_phase10_batch4.py,N/A (Batch Orchestration),Phase Batch Automation Scripts (Phases 5-15),ARCHIVE in research-history,Historical Automation,Historical Batch Scripts,LOW
scripts/run_phase11_batch1.py,N/A (Batch Orchestration),Phase Batch Automation Scripts (Phases 5-15),ARCHIVE in research-history,Historical Automation,Historical Batch Scripts,LOW
scripts/run_phase11_batch2.py,N/A (Batch Orchestration),Phase Batch Automation Scripts (Phases 5-15),ARCHIVE in research-history,Historical Automation,Historical Batch Scripts,LOW
scripts/run_phase11_batch3.py,N/A (Batch Orchestration),Phase Batch Automation Scripts (Phases 5-15),ARCHIVE in research-history,Historical Automation,Historical Batch Scripts,LOW
scripts/run_phase11_batch4.py,N/A (Batch Orchestration),Phase Batch Automation Scripts (Phases 5-15),ARCHIVE in research-history,Historical Automation,Historical Batch Scripts,LOW
scripts/run_phase12_batch1.py,N/A (Batch Orchestration),Phase Batch Automation Scripts (Phases 5-15),ARCHIVE in research-history,Historical Automation,Historical Batch Scripts,LOW
scripts/run_phase12_batch2.py,N/A (Batch Orchestration),Phase Batch Automation Scripts (Phases 5-15),ARCHIVE in research-history,Historical Automation,Historical Batch Scripts,LOW
scripts/run_phase12_batch3.py,N/A (Batch Orchestration),Phase Batch Automation Scripts (Phases 5-15),ARCHIVE in research-history,Historical Automation,Historical Batch Scripts,LOW
scripts/run_phase12_batch4.py,N/A (Batch Orchestration),Phase Batch Automation Scripts (Phases 5-15),ARCHIVE in research-history,Historical Automation,Historical Batch Scripts,LOW
scripts/run_phase13_batch1.py,N/A (Batch Orchestration),Phase Batch Automation Scripts (Phases 5-15),ARCHIVE in research-history,Historical Automation,Historical Batch Scripts,LOW
scripts/run_phase13_batch2.py,N/A (Batch Orchestration),Phase Batch Automation Scripts (Phases 5-15),ARCHIVE in research-history,Historical Automation,Historical Batch Scripts,LOW
scripts/run_phase13_batch3.py,N/A (Batch Orchestration),Phase Batch Automation Scripts (Phases 5-15),ARCHIVE in research-history,Historical Automation,Historical Batch Scripts,LOW
scripts/run_phase13_batch4.py,N/A (Batch Orchestration),Phase Batch Automation Scripts (Phases 5-15),ARCHIVE in research-history,Historical Automation,Historical Batch Scripts,LOW
scripts/run_phase14_batch1.py,N/A (Batch Orchestration),Phase Batch Automation Scripts (Phases 5-15),ARCHIVE in research-history,Historical Automation,Historical Batch Scripts,LOW
scripts/run_phase14_batch2.py,N/A (Batch Orchestration),Phase Batch Automation Scripts (Phases 5-15),ARCHIVE in research-history,Historical Automation,Historical Batch Scripts,LOW
scripts/run_phase14_batch3.py,N/A (Batch Orchestration),Phase Batch Automation Scripts (Phases 5-15),ARCHIVE in research-history,Historical Automation,Historical Batch Scripts,LOW
scripts/run_phase14_batch4.py,N/A (Batch Orchestration),Phase Batch Automation Scripts (Phases 5-15),ARCHIVE in research-history,Historical Automation,Historical Batch Scripts,LOW
scripts/run_phase15_batch1.py,N/A (Batch Orchestration),Phase Batch Automation Scripts (Phases 5-15),ARCHIVE in research-history,Historical Automation,Historical Batch Scripts,LOW
scripts/run_phase15_batch2.py,N/A (Batch Orchestration),Phase Batch Automation Scripts (Phases 5-15),ARCHIVE in research-history,Historical Automation,Historical Batch Scripts,LOW
scripts/run_phase15_batch3.py,N/A (Batch Orchestration),Phase Batch Automation Scripts (Phases 5-15),ARCHIVE in research-history,Historical Automation,Historical Batch Scripts,LOW
scripts/run_phase15_batch4.py,N/A (Batch Orchestration),Phase Batch Automation Scripts (Phases 5-15),ARCHIVE in research-history,Historical Automation,Historical Batch Scripts,LOW
scripts/run_phase5_validation.sh,N/A (Batch Orchestration),Phase Batch Automation Scripts (Phases 5-15),ARCHIVE in research-history,Historical Automation,Historical Batch Scripts,LOW
scripts/run_phase7_batch2.py,N/A (Batch Orchestration),Phase Batch Automation Scripts (Phases 5-15),ARCHIVE in research-history,Historical Automation,Historical Batch Scripts,LOW
scripts/run_phase7_batch3.py,N/A (Batch Orchestration),Phase Batch Automation Scripts (Phases 5-15),ARCHIVE in research-history,Historical Automation,Historical Batch Scripts,LOW
scripts/run_phase7_batch4.py,N/A (Batch Orchestration),Phase Batch Automation Scripts (Phases 5-15),ARCHIVE in research-history,Historical Automation,Historical Batch Scripts,LOW
scripts/run_phase7_batch5.py,N/A (Batch Orchestration),Phase Batch Automation Scripts (Phases 5-15),ARCHIVE in research-history,Historical Automation,Historical Batch Scripts,LOW
scripts/run_phase8_batch2.py,N/A (Batch Orchestration),Phase Batch Automation Scripts (Phases 5-15),ARCHIVE in research-history,Historical Automation,Historical Batch Scripts,LOW
scripts/run_phase8_batch3.py,N/A (Batch Orchestration),Phase Batch Automation Scripts (Phases 5-15),ARCHIVE in research-history,Historical Automation,Historical Batch Scripts,LOW
scripts/run_phase8_batch4.py,N/A (Batch Orchestration),Phase Batch Automation Scripts (Phases 5-15),ARCHIVE in research-history,Historical Automation,Historical Batch Scripts,LOW
scripts/run_phase8_batch5.py,N/A (Batch Orchestration),Phase Batch Automation Scripts (Phases 5-15),ARCHIVE in research-history,Historical Automation,Historical Batch Scripts,LOW
scripts/run_phase9_batch1.py,N/A (Batch Orchestration),Phase Batch Automation Scripts (Phases 5-15),ARCHIVE in research-history,Historical Automation,Historical Batch Scripts,LOW
scripts/run_phase9_batch2.py,N/A (Batch Orchestration),Phase Batch Automation Scripts (Phases 5-15),ARCHIVE in research-history,Historical Automation,Historical Batch Scripts,LOW
scripts/run_phase9_batch3.py,N/A (Batch Orchestration),Phase Batch Automation Scripts (Phases 5-15),ARCHIVE in research-history,Historical Automation,Historical Batch Scripts,LOW
scripts/run_phase9_batch4.py,N/A (Batch Orchestration),Phase Batch Automation Scripts (Phases 5-15),ARCHIVE in research-history,Historical Automation,Historical Batch Scripts,LOW
scripts/run_quantum_two_phase_dambreak.py,N/A (Batch Orchestration),Phase Batch Automation Scripts (Phases 5-15),ARCHIVE in research-history,Historical Automation,Historical Batch Scripts,LOW
scripts/run_shot_noise_analysis.py,N/A (Batch Orchestration),Phase Batch Automation Scripts (Phases 5-15),ARCHIVE in research-history,Historical Automation,Historical Batch Scripts,LOW
scripts/validate_collision_operator.py,N/A (Batch Orchestration),Phase Batch Automation Scripts (Phases 5-15),ARCHIVE in research-history,Historical Automation,Historical Batch Scripts,LOW
stage7_audit_status.json,N/A (Root Research Artifact),Root Milestone Report / CSV Audit / Shell Runner,ARCHIVE in research-history / Reference in thesis,High (Milestone Proofs & Phase Summaries),Phase Evidence,MEDIUM
test_phase12_hardware.py,N/A (Root Research Artifact),Root Milestone Report / CSV Audit / Shell Runner,ARCHIVE in research-history / Reference in thesis,High (Milestone Proofs & Phase Summaries),Phase Evidence,MEDIUM
tests/test_block_encoding.py,tests/ (Port selected rigorous tests to development test suite),Specialized Research Test (Phases 5-15),PORT selected tests to development branch,High (Adversarial & Numerical Verifications),Historically Validated,MEDIUM
tests/test_boundary.py,tests/ (Port selected rigorous tests to development test suite),Specialized Research Test (Phases 5-15),PORT selected tests to development branch,High (Adversarial & Numerical Verifications),Historically Validated,MEDIUM
tests/test_boundary_exact_equivalence.py,tests/ (Port selected rigorous tests to development test suite),Specialized Research Test (Phases 5-15),PORT selected tests to development branch,High (Adversarial & Numerical Verifications),Historically Validated,MEDIUM
tests/test_carleman.py,tests/ (Port selected rigorous tests to development test suite),Specialized Research Test (Phases 5-15),PORT selected tests to development branch,High (Adversarial & Numerical Verifications),Historically Validated,MEDIUM
tests/test_carleman_basis.py,tests/ (Port selected rigorous tests to development test suite),Specialized Research Test (Phases 5-15),PORT selected tests to development branch,High (Adversarial & Numerical Verifications),Historically Validated,MEDIUM
tests/test_carleman_boundary.py,tests/ (Port selected rigorous tests to development test suite),Specialized Research Test (Phases 5-15),PORT selected tests to development branch,High (Adversarial & Numerical Verifications),Historically Validated,MEDIUM
tests/test_carleman_collision.py,tests/ (Port selected rigorous tests to development test suite),Specialized Research Test (Phases 5-15),PORT selected tests to development branch,High (Adversarial & Numerical Verifications),Historically Validated,MEDIUM
tests/test_carleman_equivalence.py,tests/ (Port selected rigorous tests to development test suite),Specialized Research Test (Phases 5-15),PORT selected tests to development branch,High (Adversarial & Numerical Verifications),Historically Validated,MEDIUM
tests/test_carleman_lifting.py,tests/ (Port selected rigorous tests to development test suite),Specialized Research Test (Phases 5-15),PORT selected tests to development branch,High (Adversarial & Numerical Verifications),Historically Validated,MEDIUM
tests/test_carleman_mass_conservation.py,tests/ (Port selected rigorous tests to development test suite),Specialized Research Test (Phases 5-15),PORT selected tests to development branch,High (Adversarial & Numerical Verifications),Historically Validated,HIGH
tests/test_carleman_momentum.py,tests/ (Port selected rigorous tests to development test suite),Specialized Research Test (Phases 5-15),PORT selected tests to development branch,High (Adversarial & Numerical Verifications),Historically Validated,MEDIUM
tests/test_carleman_phase.py,tests/ (Port selected rigorous tests to development test suite),Specialized Research Test (Phases 5-15),PORT selected tests to development branch,High (Adversarial & Numerical Verifications),Historically Validated,MEDIUM
tests/test_carleman_streaming.py,tests/ (Port selected rigorous tests to development test suite),Specialized Research Test (Phases 5-15),PORT selected tests to development branch,High (Adversarial & Numerical Verifications),Historically Validated,MEDIUM
tests/test_carleman_truncation.py,tests/ (Port selected rigorous tests to development test suite),Specialized Research Test (Phases 5-15),PORT selected tests to development branch,High (Adversarial & Numerical Verifications),Historically Validated,HIGH
tests/test_carleman_truncation_limits.py,tests/ (Port selected rigorous tests to development test suite),Specialized Research Test (Phases 5-15),PORT selected tests to development branch,High (Adversarial & Numerical Verifications),Historically Validated,HIGH
tests/test_circuit_inverse.py,tests/ (Port selected rigorous tests to development test suite),Specialized Research Test (Phases 5-15),PORT selected tests to development branch,High (Adversarial & Numerical Verifications),Historically Validated,MEDIUM
tests/test_classical_ground_truth_regression.py,tests/ (Port selected rigorous tests to development test suite),Specialized Research Test (Phases 5-15),PORT selected tests to development branch,High (Adversarial & Numerical Verifications),Historically Validated,MEDIUM
tests/test_collision.py,tests/ (Port selected rigorous tests to development test suite),Specialized Research Test (Phases 5-15),PORT selected tests to development branch,High (Adversarial & Numerical Verifications),Historically Validated,MEDIUM
tests/test_collision_exact_equivalence.py,tests/ (Port selected rigorous tests to development test suite),Specialized Research Test (Phases 5-15),PORT selected tests to development branch,High (Adversarial & Numerical Verifications),Historically Validated,MEDIUM
tests/test_d2q9.py,tests/ (Port selected rigorous tests to development test suite),Specialized Research Test (Phases 5-15),PORT selected tests to development branch,High (Adversarial & Numerical Verifications),Historically Validated,MEDIUM
tests/test_dam_break_observables.py,tests/ (Port selected rigorous tests to development test suite),Specialized Research Test (Phases 5-15),PORT selected tests to development branch,High (Adversarial & Numerical Verifications),Historically Validated,MEDIUM
tests/test_dam_break_physics.py,tests/ (Port selected rigorous tests to development test suite),Specialized Research Test (Phases 5-15),PORT selected tests to development branch,High (Adversarial & Numerical Verifications),Historically Validated,MEDIUM
tests/test_encoding.py,tests/ (Port selected rigorous tests to development test suite),Specialized Research Test (Phases 5-15),PORT selected tests to development branch,High (Adversarial & Numerical Verifications),Historically Validated,MEDIUM
tests/test_encoding_exactness.py,tests/ (Port selected rigorous tests to development test suite),Specialized Research Test (Phases 5-15),PORT selected tests to development branch,High (Adversarial & Numerical Verifications),Historically Validated,MEDIUM
tests/test_equilibrium.py,tests/ (Port selected rigorous tests to development test suite),Specialized Research Test (Phases 5-15),PORT selected tests to development branch,High (Adversarial & Numerical Verifications),Historically Validated,MEDIUM
tests/test_hardware_preflight.py,tests/ (Port selected rigorous tests to development test suite),Specialized Research Test (Phases 5-15),PORT selected tests to development branch,High (Adversarial & Numerical Verifications),Historically Validated,MEDIUM
tests/test_hardware_verification.py,tests/ (Port selected rigorous tests to development test suite),Specialized Research Test (Phases 5-15),PORT selected tests to development branch,High (Adversarial & Numerical Verifications),Historically Validated,MEDIUM
tests/test_ibm_backend.py,tests/ (Port selected rigorous tests to development test suite),Specialized Research Test (Phases 5-15),PORT selected tests to development branch,High (Adversarial & Numerical Verifications),Historically Validated,MEDIUM
tests/test_ibm_isa.py,tests/ (Port selected rigorous tests to development test suite),Specialized Research Test (Phases 5-15),PORT selected tests to development branch,High (Adversarial & Numerical Verifications),Historically Validated,HIGH
tests/test_independent_carleman_audit.py,tests/ (Port selected rigorous tests to development test suite),Specialized Research Test (Phases 5-15),PORT selected tests to development branch,High (Adversarial & Numerical Verifications),Historically Validated,MEDIUM
tests/test_local_carleman.py,tests/ (Port selected rigorous tests to development test suite),Specialized Research Test (Phases 5-15),PORT selected tests to development branch,High (Adversarial & Numerical Verifications),Historically Validated,MEDIUM
tests/test_mass_conservation.py,tests/ (Port selected rigorous tests to development test suite),Specialized Research Test (Phases 5-15),PORT selected tests to development branch,High (Adversarial & Numerical Verifications),Historically Validated,HIGH
tests/test_measurement_convergence.py,tests/ (Port selected rigorous tests to development test suite),Specialized Research Test (Phases 5-15),PORT selected tests to development branch,High (Adversarial & Numerical Verifications),Historically Validated,MEDIUM
tests/test_momentum_conservation.py,tests/ (Port selected rigorous tests to development test suite),Specialized Research Test (Phases 5-15),PORT selected tests to development branch,High (Adversarial & Numerical Verifications),Historically Validated,MEDIUM
tests/test_multistep_carleman.py,tests/ (Port selected rigorous tests to development test suite),Specialized Research Test (Phases 5-15),PORT selected tests to development branch,High (Adversarial & Numerical Verifications),Historically Validated,MEDIUM
tests/test_multistep_quantum_equivalence.py,tests/ (Port selected rigorous tests to development test suite),Specialized Research Test (Phases 5-15),PORT selected tests to development branch,High (Adversarial & Numerical Verifications),Historically Validated,MEDIUM
tests/test_operator_unitarity.py,tests/ (Port selected rigorous tests to development test suite),Specialized Research Test (Phases 5-15),PORT selected tests to development branch,High (Adversarial & Numerical Verifications),Historically Validated,MEDIUM
tests/test_phase11_structured_oracles.py,tests/ (Port selected rigorous tests to development test suite),Specialized Research Test (Phases 5-15),PORT selected tests to development branch,High (Adversarial & Numerical Verifications),Historically Validated,MEDIUM
tests/test_phase12_hardware.py,tests/ (Port selected rigorous tests to development test suite),Specialized Research Test (Phases 5-15),PORT selected tests to development branch,High (Adversarial & Numerical Verifications),Historically Validated,MEDIUM
tests/test_phase13_hardware.py,tests/ (Port selected rigorous tests to development test suite),Specialized Research Test (Phases 5-15),PORT selected tests to development branch,High (Adversarial & Numerical Verifications),Historically Validated,MEDIUM
tests/test_phase14_hardware.py,tests/ (Port selected rigorous tests to development test suite),Specialized Research Test (Phases 5-15),PORT selected tests to development branch,High (Adversarial & Numerical Verifications),Historically Validated,MEDIUM
tests/test_phase15_real_hardware.py,tests/ (Port selected rigorous tests to development test suite),Specialized Research Test (Phases 5-15),PORT selected tests to development branch,High (Adversarial & Numerical Verifications),Historically Validated,MEDIUM
tests/test_phase6_benchmarks.py,tests/ (Port selected rigorous tests to development test suite),Specialized Research Test (Phases 5-15),PORT selected tests to development branch,High (Adversarial & Numerical Verifications),Historically Validated,MEDIUM
tests/test_phase6_noise_and_budget.py,tests/ (Port selected rigorous tests to development test suite),Specialized Research Test (Phases 5-15),PORT selected tests to development branch,High (Adversarial & Numerical Verifications),Historically Validated,MEDIUM
tests/test_phase_coupling.py,tests/ (Port selected rigorous tests to development test suite),Specialized Research Test (Phases 5-15),PORT selected tests to development branch,High (Adversarial & Numerical Verifications),Historically Validated,MEDIUM
tests/test_polynomial_system.py,tests/ (Port selected rigorous tests to development test suite),Specialized Research Test (Phases 5-15),PORT selected tests to development branch,High (Adversarial & Numerical Verifications),Historically Validated,MEDIUM
tests/test_postselection.py,tests/ (Port selected rigorous tests to development test suite),Specialized Research Test (Phases 5-15),PORT selected tests to development branch,High (Adversarial & Numerical Verifications),Historically Validated,MEDIUM
tests/test_qsvt.py,tests/ (Port selected rigorous tests to development test suite),Specialized Research Test (Phases 5-15),PORT selected tests to development branch,High (Adversarial & Numerical Verifications),Historically Validated,HIGH
tests/test_qsvt_condition_spectrum.py,tests/ (Port selected rigorous tests to development test suite),Specialized Research Test (Phases 5-15),PORT selected tests to development branch,High (Adversarial & Numerical Verifications),Historically Validated,HIGH
tests/test_quantum_block_encoding_independent.py,tests/ (Port selected rigorous tests to development test suite),Specialized Research Test (Phases 5-15),PORT selected tests to development branch,High (Adversarial & Numerical Verifications),Historically Validated,MEDIUM
tests/test_quantum_collision.py,tests/ (Port selected rigorous tests to development test suite),Specialized Research Test (Phases 5-15),PORT selected tests to development branch,High (Adversarial & Numerical Verifications),Historically Validated,MEDIUM
tests/test_quantum_resources.py,tests/ (Port selected rigorous tests to development test suite),Specialized Research Test (Phases 5-15),PORT selected tests to development branch,High (Adversarial & Numerical Verifications),Historically Validated,MEDIUM
tests/test_quantum_solver.py,tests/ (Port selected rigorous tests to development test suite),Specialized Research Test (Phases 5-15),PORT selected tests to development branch,High (Adversarial & Numerical Verifications),Historically Validated,MEDIUM
tests/test_quantum_streaming.py,tests/ (Port selected rigorous tests to development test suite),Specialized Research Test (Phases 5-15),PORT selected tests to development branch,High (Adversarial & Numerical Verifications),Historically Validated,MEDIUM
tests/test_shot_noise.py,tests/ (Port selected rigorous tests to development test suite),Specialized Research Test (Phases 5-15),PORT selected tests to development branch,High (Adversarial & Numerical Verifications),Historically Validated,HIGH
tests/test_shot_noise_statistics.py,tests/ (Port selected rigorous tests to development test suite),Specialized Research Test (Phases 5-15),PORT selected tests to development branch,High (Adversarial & Numerical Verifications),Historically Validated,HIGH
tests/test_streaming.py,tests/ (Port selected rigorous tests to development test suite),Specialized Research Test (Phases 5-15),PORT selected tests to development branch,High (Adversarial & Numerical Verifications),Historically Validated,MEDIUM
tests/test_streaming_exact_equivalence.py,tests/ (Port selected rigorous tests to development test suite),Specialized Research Test (Phases 5-15),PORT selected tests to development branch,High (Adversarial & Numerical Verifications),Historically Validated,MEDIUM
tests/test_two_phase_boundary.py,tests/ (Port selected rigorous tests to development test suite),Specialized Research Test (Phases 5-15),PORT selected tests to development branch,High (Adversarial & Numerical Verifications),Historically Validated,MEDIUM
tests/test_two_phase_carleman.py,tests/ (Port selected rigorous tests to development test suite),Specialized Research Test (Phases 5-15),PORT selected tests to development branch,High (Adversarial & Numerical Verifications),Historically Validated,MEDIUM
tests/test_two_phase_classical.py,tests/ (Port selected rigorous tests to development test suite),Specialized Research Test (Phases 5-15),PORT selected tests to development branch,High (Adversarial & Numerical Verifications),Historically Validated,MEDIUM
tests/test_two_phase_collision.py,tests/ (Port selected rigorous tests to development test suite),Specialized Research Test (Phases 5-15),PORT selected tests to development branch,High (Adversarial & Numerical Verifications),Historically Validated,MEDIUM
tests/test_two_phase_encoding.py,tests/ (Port selected rigorous tests to development test suite),Specialized Research Test (Phases 5-15),PORT selected tests to development branch,High (Adversarial & Numerical Verifications),Historically Validated,MEDIUM
tests/test_two_phase_end_to_end.py,tests/ (Port selected rigorous tests to development test suite),Specialized Research Test (Phases 5-15),PORT selected tests to development branch,High (Adversarial & Numerical Verifications),Historically Validated,MEDIUM
tests/test_two_phase_measurement.py,tests/ (Port selected rigorous tests to development test suite),Specialized Research Test (Phases 5-15),PORT selected tests to development branch,High (Adversarial & Numerical Verifications),Historically Validated,MEDIUM
tests/test_two_phase_physics.py,tests/ (Port selected rigorous tests to development test suite),Specialized Research Test (Phases 5-15),PORT selected tests to development branch,High (Adversarial & Numerical Verifications),Historically Validated,MEDIUM
tests/test_two_phase_quantum_streaming.py,tests/ (Port selected rigorous tests to development test suite),Specialized Research Test (Phases 5-15),PORT selected tests to development branch,High (Adversarial & Numerical Verifications),Historically Validated,MEDIUM
tests/test_unitary_dilation.py,tests/ (Port selected rigorous tests to development test suite),Specialized Research Test (Phases 5-15),PORT selected tests to development branch,High (Adversarial & Numerical Verifications),Historically Validated,MEDIUM
validation/ACTUAL_QUANTUM_PIPELINE_TRACE.md,N/A (Historical Documentation),"Research Reports, Figures, and Verification Audits",ARCHIVE in research-history / Reference in docs/,High (Thesis Evidence & Forensic Audits),Historical Phase Evidence,MEDIUM
validation/BLOCK_ENCODING_VALIDATION.md,N/A (Historical Documentation),"Research Reports, Figures, and Verification Audits",ARCHIVE in research-history / Reference in docs/,High (Thesis Evidence & Forensic Audits),Historical Phase Evidence,MEDIUM
validation/CARLEMAN_TRUNCATION_STUDY.md,N/A (Historical Documentation),"Research Reports, Figures, and Verification Audits",ARCHIVE in research-history / Reference in docs/,High (Thesis Evidence & Forensic Audits),Historical Phase Evidence,MEDIUM
validation/CLASSICAL_STAGE_AUDIT.md,N/A (Historical Documentation),"Research Reports, Figures, and Verification Audits",ARCHIVE in research-history / Reference in docs/,High (Thesis Evidence & Forensic Audits),Historical Phase Evidence,MEDIUM
validation/CLASSICAL_VS_QSVT_SOLVER_REPORT.md,N/A (Historical Documentation),"Research Reports, Figures, and Verification Audits",ARCHIVE in research-history / Reference in docs/,High (Thesis Evidence & Forensic Audits),Historical Phase Evidence,MEDIUM
validation/END_TO_END_QLBM_VALIDATION.md,N/A (Historical Documentation),"Research Reports, Figures, and Verification Audits",ARCHIVE in research-history / Reference in docs/,High (Thesis Evidence & Forensic Audits),Historical Phase Evidence,MEDIUM
validation/EXACT_MATRIX_EQUIVALENCE.md,N/A (Historical Documentation),"Research Reports, Figures, and Verification Audits",ARCHIVE in research-history / Reference in docs/,High (Thesis Evidence & Forensic Audits),Historical Phase Evidence,MEDIUM
validation/FINAL_ADVERSARIAL_AUDIT.md,N/A (Historical Documentation),"Research Reports, Figures, and Verification Audits",ARCHIVE in research-history / Reference in docs/,High (Thesis Evidence & Forensic Audits),Historical Phase Evidence,MEDIUM
validation/FINAL_INDEPENDENT_AUDIT.md,N/A (Historical Documentation),"Research Reports, Figures, and Verification Audits",ARCHIVE in research-history / Reference in docs/,High (Thesis Evidence & Forensic Audits),Historical Phase Evidence,MEDIUM
validation/FINAL_THESIS_QLBM_REPORT.md,N/A (Historical Documentation),"Research Reports, Figures, and Verification Audits",ARCHIVE in research-history / Reference in docs/,High (Thesis Evidence & Forensic Audits),Historical Phase Evidence,MEDIUM
validation/INDEPENDENT_AUDIT.md,N/A (Historical Documentation),"Research Reports, Figures, and Verification Audits",ARCHIVE in research-history / Reference in docs/,High (Thesis Evidence & Forensic Audits),Historical Phase Evidence,MEDIUM
validation/LEVEL_1_2_VALIDATION_REPORT.md,N/A (Historical Documentation),"Research Reports, Figures, and Verification Audits",ARCHIVE in research-history / Reference in docs/,High (Thesis Evidence & Forensic Audits),Historical Phase Evidence,MEDIUM
validation/LEVEL_3_4_MATRIX_REPORT.md,N/A (Historical Documentation),"Research Reports, Figures, and Verification Audits",ARCHIVE in research-history / Reference in docs/,High (Thesis Evidence & Forensic Audits),Historical Phase Evidence,MEDIUM
validation/LEVEL_5_6_7_QUANTUM_REPORT.md,N/A (Historical Documentation),"Research Reports, Figures, and Verification Audits",ARCHIVE in research-history / Reference in docs/,High (Thesis Evidence & Forensic Audits),Historical Phase Evidence,MEDIUM
validation/OBSERVABLE_MAPPING_AUDIT.md,N/A (Historical Documentation),"Research Reports, Figures, and Verification Audits",ARCHIVE in research-history / Reference in docs/,High (Thesis Evidence & Forensic Audits),Historical Phase Evidence,MEDIUM
validation/QSVT_AUTHENTICITY_AUDIT.md,N/A (Historical Documentation),"Research Reports, Figures, and Verification Audits",ARCHIVE in research-history / Reference in docs/,High (Thesis Evidence & Forensic Audits),Historical Phase Evidence,MEDIUM
validation/QUANTUM_FAILURE_ANALYSIS.md,N/A (Historical Documentation),"Research Reports, Figures, and Verification Audits",ARCHIVE in research-history / Reference in docs/,High (Thesis Evidence & Forensic Audits),Historical Phase Evidence,MEDIUM
validation/classical_two_phase_validation.md,N/A (Historical Documentation),"Research Reports, Figures, and Verification Audits",ARCHIVE in research-history / Reference in docs/,High (Thesis Evidence & Forensic Audits),Historical Phase Evidence,MEDIUM
validation/figures/classical_dam_break_profile.png,N/A (Historical Documentation),"Research Reports, Figures, and Verification Audits",ARCHIVE in research-history / Reference in docs/,High (Thesis Evidence & Forensic Audits),Historical Phase Evidence,MEDIUM
validation/figures/column_height_comparison.png,N/A (Historical Documentation),"Research Reports, Figures, and Verification Audits",ARCHIVE in research-history / Reference in docs/,High (Thesis Evidence & Forensic Audits),Historical Phase Evidence,MEDIUM
validation/figures/comprehensive_resource_scaling_labeled.png,N/A (Historical Documentation),"Research Reports, Figures, and Verification Audits",ARCHIVE in research-history / Reference in docs/,High (Thesis Evidence & Forensic Audits),Historical Phase Evidence,MEDIUM
validation/figures/error_versus_time.png,N/A (Historical Documentation),"Research Reports, Figures, and Verification Audits",ARCHIVE in research-history / Reference in docs/,High (Thesis Evidence & Forensic Audits),Historical Phase Evidence,MEDIUM
validation/figures/front_position_comparison.png,N/A (Historical Documentation),"Research Reports, Figures, and Verification Audits",ARCHIVE in research-history / Reference in docs/,High (Thesis Evidence & Forensic Audits),Historical Phase Evidence,MEDIUM
validation/figures/initial_phase_field.png,N/A (Historical Documentation),"Research Reports, Figures, and Verification Audits",ARCHIVE in research-history / Reference in docs/,High (Thesis Evidence & Forensic Audits),Historical Phase Evidence,MEDIUM
validation/figures/pressure_comparison.png,N/A (Historical Documentation),"Research Reports, Figures, and Verification Audits",ARCHIVE in research-history / Reference in docs/,High (Thesis Evidence & Forensic Audits),Historical Phase Evidence,MEDIUM
validation/figures/quantum_reconstructed_observable.png,N/A (Historical Documentation),"Research Reports, Figures, and Verification Audits",ARCHIVE in research-history / Reference in docs/,High (Thesis Evidence & Forensic Audits),Historical Phase Evidence,MEDIUM
validation/figures/quantum_resource_scaling.png,N/A (Historical Documentation),"Research Reports, Figures, and Verification Audits",ARCHIVE in research-history / Reference in docs/,High (Thesis Evidence & Forensic Audits),Historical Phase Evidence,MEDIUM
validation/grand_matrix_spy.png,N/A (Historical Documentation),"Research Reports, Figures, and Verification Audits",ARCHIVE in research-history / Reference in docs/,High (Thesis Evidence & Forensic Audits),Historical Phase Evidence,MEDIUM
validation/parameter_sensitivity_study.md,N/A (Historical Documentation),"Research Reports, Figures, and Verification Audits",ARCHIVE in research-history / Reference in docs/,High (Thesis Evidence & Forensic Audits),Historical Phase Evidence,MEDIUM
validation/qlbm_dam_break_validation.png,N/A (Historical Documentation),"Research Reports, Figures, and Verification Audits",ARCHIVE in research-history / Reference in docs/,High (Thesis Evidence & Forensic Audits),Historical Phase Evidence,MEDIUM
validation/quantum_resource_scaling.png,N/A (Historical Documentation),"Research Reports, Figures, and Verification Audits",ARCHIVE in research-history / Reference in docs/,High (Thesis Evidence & Forensic Audits),Historical Phase Evidence,MEDIUM
validation/quantum_state_comparison.png,N/A (Historical Documentation),"Research Reports, Figures, and Verification Audits",ARCHIVE in research-history / Reference in docs/,High (Thesis Evidence & Forensic Audits),Historical Phase Evidence,MEDIUM
validation/raw_quantum_classical_comparison.csv,N/A (Historical Documentation),"Research Reports, Figures, and Verification Audits",ARCHIVE in research-history / Reference in docs/,High (Thesis Evidence & Forensic Audits),Historical Phase Evidence,MEDIUM
validation/reference_data/martin_moyce_1952.csv,N/A (Historical Documentation),"Research Reports, Figures, and Verification Audits",ARCHIVE in research-history / Reference in docs/,High (Thesis Evidence & Forensic Audits),Historical Phase Evidence,MEDIUM
validation/sim_data/checkpoints/checkpoint_step_00000.npz,N/A (Historical Documentation),"Research Reports, Figures, and Verification Audits",ARCHIVE in research-history / Reference in docs/,High (Thesis Evidence & Forensic Audits),Historical Phase Evidence,MEDIUM
validation/sim_data/checkpoints/checkpoint_step_00200.npz,N/A (Historical Documentation),"Research Reports, Figures, and Verification Audits",ARCHIVE in research-history / Reference in docs/,High (Thesis Evidence & Forensic Audits),Historical Phase Evidence,MEDIUM
validation/sim_data/checkpoints/checkpoint_step_00400.npz,N/A (Historical Documentation),"Research Reports, Figures, and Verification Audits",ARCHIVE in research-history / Reference in docs/,High (Thesis Evidence & Forensic Audits),Historical Phase Evidence,MEDIUM
validation/sim_data/checkpoints/checkpoint_step_00600.npz,N/A (Historical Documentation),"Research Reports, Figures, and Verification Audits",ARCHIVE in research-history / Reference in docs/,High (Thesis Evidence & Forensic Audits),Historical Phase Evidence,MEDIUM
validation/sim_data/checkpoints/checkpoint_step_00800.npz,N/A (Historical Documentation),"Research Reports, Figures, and Verification Audits",ARCHIVE in research-history / Reference in docs/,High (Thesis Evidence & Forensic Audits),Historical Phase Evidence,MEDIUM
validation/sim_data/checkpoints/checkpoint_step_01000.npz,N/A (Historical Documentation),"Research Reports, Figures, and Verification Audits",ARCHIVE in research-history / Reference in docs/,High (Thesis Evidence & Forensic Audits),Historical Phase Evidence,MEDIUM
validation/sim_data/checkpoints/checkpoint_step_01200.npz,N/A (Historical Documentation),"Research Reports, Figures, and Verification Audits",ARCHIVE in research-history / Reference in docs/,High (Thesis Evidence & Forensic Audits),Historical Phase Evidence,MEDIUM
validation/sim_data/checkpoints/checkpoint_step_01400.npz,N/A (Historical Documentation),"Research Reports, Figures, and Verification Audits",ARCHIVE in research-history / Reference in docs/,High (Thesis Evidence & Forensic Audits),Historical Phase Evidence,MEDIUM
validation/sim_data/checkpoints/checkpoint_step_01600.npz,N/A (Historical Documentation),"Research Reports, Figures, and Verification Audits",ARCHIVE in research-history / Reference in docs/,High (Thesis Evidence & Forensic Audits),Historical Phase Evidence,MEDIUM
validation/sim_data/checkpoints/checkpoint_step_01800.npz,N/A (Historical Documentation),"Research Reports, Figures, and Verification Audits",ARCHIVE in research-history / Reference in docs/,High (Thesis Evidence & Forensic Audits),Historical Phase Evidence,MEDIUM
validation/sim_data/checkpoints/checkpoint_step_02000.npz,N/A (Historical Documentation),"Research Reports, Figures, and Verification Audits",ARCHIVE in research-history / Reference in docs/,High (Thesis Evidence & Forensic Audits),Historical Phase Evidence,MEDIUM
validation/sim_data/checkpoints/checkpoint_step_02200.npz,N/A (Historical Documentation),"Research Reports, Figures, and Verification Audits",ARCHIVE in research-history / Reference in docs/,High (Thesis Evidence & Forensic Audits),Historical Phase Evidence,MEDIUM
validation/sim_data/classical_ground_truth.csv,N/A (Historical Documentation),"Research Reports, Figures, and Verification Audits",ARCHIVE in research-history / Reference in docs/,High (Thesis Evidence & Forensic Audits),Historical Phase Evidence,MEDIUM
validation/sim_data/dam_break_diagnostics.csv,N/A (Historical Documentation),"Research Reports, Figures, and Verification Audits",ARCHIVE in research-history / Reference in docs/,High (Thesis Evidence & Forensic Audits),Historical Phase Evidence,MEDIUM
validation/sim_data/dam_break_diagnostics.npz,N/A (Historical Documentation),"Research Reports, Figures, and Verification Audits",ARCHIVE in research-history / Reference in docs/,High (Thesis Evidence & Forensic Audits),Historical Phase Evidence,MEDIUM
validation/sim_data/frames/dam_break_step_00000.png,N/A (Historical Documentation),"Research Reports, Figures, and Verification Audits",ARCHIVE in research-history / Reference in docs/,High (Thesis Evidence & Forensic Audits),Historical Phase Evidence,MEDIUM
validation/sim_data/frames/dam_break_step_00200.png,N/A (Historical Documentation),"Research Reports, Figures, and Verification Audits",ARCHIVE in research-history / Reference in docs/,High (Thesis Evidence & Forensic Audits),Historical Phase Evidence,MEDIUM
validation/sim_data/frames/dam_break_step_00400.png,N/A (Historical Documentation),"Research Reports, Figures, and Verification Audits",ARCHIVE in research-history / Reference in docs/,High (Thesis Evidence & Forensic Audits),Historical Phase Evidence,MEDIUM
validation/sim_data/frames/dam_break_step_00600.png,N/A (Historical Documentation),"Research Reports, Figures, and Verification Audits",ARCHIVE in research-history / Reference in docs/,High (Thesis Evidence & Forensic Audits),Historical Phase Evidence,MEDIUM
validation/sim_data/frames/dam_break_step_00800.png,N/A (Historical Documentation),"Research Reports, Figures, and Verification Audits",ARCHIVE in research-history / Reference in docs/,High (Thesis Evidence & Forensic Audits),Historical Phase Evidence,MEDIUM
validation/sim_data/frames/dam_break_step_01000.png,N/A (Historical Documentation),"Research Reports, Figures, and Verification Audits",ARCHIVE in research-history / Reference in docs/,High (Thesis Evidence & Forensic Audits),Historical Phase Evidence,MEDIUM
validation/sim_data/frames/dam_break_step_01200.png,N/A (Historical Documentation),"Research Reports, Figures, and Verification Audits",ARCHIVE in research-history / Reference in docs/,High (Thesis Evidence & Forensic Audits),Historical Phase Evidence,MEDIUM
validation/sim_data/frames/dam_break_step_01400.png,N/A (Historical Documentation),"Research Reports, Figures, and Verification Audits",ARCHIVE in research-history / Reference in docs/,High (Thesis Evidence & Forensic Audits),Historical Phase Evidence,MEDIUM
validation/sim_data/frames/dam_break_step_01600.png,N/A (Historical Documentation),"Research Reports, Figures, and Verification Audits",ARCHIVE in research-history / Reference in docs/,High (Thesis Evidence & Forensic Audits),Historical Phase Evidence,MEDIUM
validation/sim_data/frames/dam_break_step_01800.png,N/A (Historical Documentation),"Research Reports, Figures, and Verification Audits",ARCHIVE in research-history / Reference in docs/,High (Thesis Evidence & Forensic Audits),Historical Phase Evidence,MEDIUM
validation/sim_data/frames/dam_break_step_02000.png,N/A (Historical Documentation),"Research Reports, Figures, and Verification Audits",ARCHIVE in research-history / Reference in docs/,High (Thesis Evidence & Forensic Audits),Historical Phase Evidence,MEDIUM
validation/sim_data/frames/dam_break_step_02200.png,N/A (Historical Documentation),"Research Reports, Figures, and Verification Audits",ARCHIVE in research-history / Reference in docs/,High (Thesis Evidence & Forensic Audits),Historical Phase Evidence,MEDIUM
validation/two_phase_dam_break_height.png,N/A (Historical Documentation),"Research Reports, Figures, and Verification Audits",ARCHIVE in research-history / Reference in docs/,High (Thesis Evidence & Forensic Audits),Historical Phase Evidence,MEDIUM
validation/two_phase_dam_break_pressure.png,N/A (Historical Documentation),"Research Reports, Figures, and Verification Audits",ARCHIVE in research-history / Reference in docs/,High (Thesis Evidence & Forensic Audits),Historical Phase Evidence,MEDIUM
validation/two_phase_dam_break_wavefront.png,N/A (Historical Documentation),"Research Reports, Figures, and Verification Audits",ARCHIVE in research-history / Reference in docs/,High (Thesis Evidence & Forensic Audits),Historical Phase Evidence,MEDIUM
validation/validation_column_height.png,N/A (Historical Documentation),"Research Reports, Figures, and Verification Audits",ARCHIVE in research-history / Reference in docs/,High (Thesis Evidence & Forensic Audits),Historical Phase Evidence,MEDIUM
validation/validation_impact_pressure.png,N/A (Historical Documentation),"Research Reports, Figures, and Verification Audits",ARCHIVE in research-history / Reference in docs/,High (Thesis Evidence & Forensic Audits),Historical Phase Evidence,MEDIUM
validation/validation_wavefront.png,N/A (Historical Documentation),"Research Reports, Figures, and Verification Audits",ARCHIVE in research-history / Reference in docs/,High (Thesis Evidence & Forensic Audits),Historical Phase Evidence,MEDIUM
